{
  "mechanism": "baseline",
  "depth": 12,
  "max_seq_len": 2048,
  "window_pattern": "L",
  "seed": 42,
  "val_bpb": 0.8455353146893358,
  "min_val_bpb": 0.8455353146893358,
  "total_params": 286261730,
  "base_params": 286261730,
  "memory_params": 0,
  "param_overhead_pct": 0.0,
  "total_time_min": 5.786882781982422,
  "peak_vram_mib": 29659.27978515625,
  "flops_per_step": 465094777503744,
  "total_flops": 1172038839309434880,
  "bpb_by_position": {
    "task": "bpb_by_position",
    "num_buckets": 32,
    "sequence_length": 2048,
    "buckets": {
      "0-64": {
        "center_position": 32.0,
        "bpb": 1.3107693195343018
      },
      "64-128": {
        "center_position": 96.0,
        "bpb": 1.1098110675811768
      },
      "128-192": {
        "center_position": 160.0,
        "bpb": 1.0917751789093018
      },
      "192-256": {
        "center_position": 224.0,
        "bpb": 1.0732123851776123
      },
      "256-320": {
        "center_position": 288.0,
        "bpb": 1.0762996673583984
      },
      "320-384": {
        "center_position": 352.0,
        "bpb": 1.0620903968811035
      },
      "384-448": {
        "center_position": 416.0,
        "bpb": 1.065727949142456
      },
      "448-512": {
        "center_position": 480.0,
        "bpb": 1.0668751001358032
      },
      "512-576": {
        "center_position": 544.0,
        "bpb": 1.048183560371399
      },
      "576-640": {
        "center_position": 608.0,
        "bpb": 0.9821934103965759
      },
      "640-704": {
        "center_position": 672.0,
        "bpb": 0.9111745953559875
      },
      "704-768": {
        "center_position": 736.0,
        "bpb": 1.0563290119171143
      },
      "768-832": {
        "center_position": 800.0,
        "bpb": 1.105010986328125
      },
      "832-896": {
        "center_position": 864.0,
        "bpb": 1.092483639717102
      },
      "896-960": {
        "center_position": 928.0,
        "bpb": 1.0850719213485718
      },
      "960-1024": {
        "center_position": 992.0,
        "bpb": 1.0883359909057617
      },
      "1024-1088": {
        "center_position": 1056.0,
        "bpb": 1.0883803367614746
      },
      "1088-1152": {
        "center_position": 1120.0,
        "bpb": 1.0759494304656982
      },
      "1152-1216": {
        "center_position": 1184.0,
        "bpb": 1.0879437923431396
      },
      "1216-1280": {
        "center_position": 1248.0,
        "bpb": 1.0696555376052856
      },
      "1280-1344": {
        "center_position": 1312.0,
        "bpb": 1.028149962425232
      },
      "1344-1408": {
        "center_position": 1376.0,
        "bpb": 0.9917968511581421
      },
      "1408-1472": {
        "center_position": 1440.0,
        "bpb": 1.0224806070327759
      },
      "1472-1536": {
        "center_position": 1504.0,
        "bpb": 1.0580699443817139
      },
      "1536-1600": {
        "center_position": 1568.0,
        "bpb": 1.0845136642456055
      },
      "1600-1664": {
        "center_position": 1632.0,
        "bpb": 1.0832383632659912
      },
      "1664-1728": {
        "center_position": 1696.0,
        "bpb": 1.0801856517791748
      },
      "1728-1792": {
        "center_position": 1760.0,
        "bpb": 1.0691778659820557
      },
      "1792-1856": {
        "center_position": 1824.0,
        "bpb": 1.077157735824585
      },
      "1856-1920": {
        "center_position": 1888.0,
        "bpb": 1.0608168840408325
      },
      "1920-1984": {
        "center_position": 1952.0,
        "bpb": 1.0263147354125977
      },
      "1984-2048": {
        "center_position": 2016.0,
        "bpb": 0.9316293001174927
      }
    },
    "overall_mean_bpb": 1.0644001960754395
  },
  "niah": {
    "context_lengths": [
      256,
      512,
      1024,
      2048
    ],
    "positions": [
      0.1,
      0.25,
      0.5,
      0.75,
      0.9
    ],
    "accuracy": {
      "256": {
        "0.1": 1.0,
        "0.25": 1.0,
        "0.5": 1.0,
        "0.75": 1.0,
        "0.9": 1.0
      },
      "512": {
        "0.1": 1.0,
        "0.25": 1.0,
        "0.5": 1.0,
        "0.75": 1.0,
        "0.9": 1.0
      },
      "1024": {
        "0.1": 1.0,
        "0.25": 1.0,
        "0.5": 1.0,
        "0.75": 1.0,
        "0.9": 1.0
      },
      "2048": {
        "0.1": 0.98,
        "0.25": 1.0,
        "0.5": 1.0,
        "0.75": 1.0,
        "0.9": 1.0
      }
    },
    "overall_accuracy": 0.999
  }
}