{
  "mechanism": "baseline",
  "depth": 12,
  "max_seq_len": 8192,
  "window_pattern": "SSSL",
  "seed": 3141,
  "val_bpb": 0.8497529094230615,
  "min_val_bpb": 0.8497529094230615,
  "total_params": 286261730,
  "base_params": 286261730,
  "memory_params": 0,
  "param_overhead_pct": 0.0,
  "total_time_min": 6.551570244630178,
  "peak_vram_mib": 29674.32666015625,
  "flops_per_step": 554155219353600,
  "total_flops": 1396471152771072000,
  "bpb_by_position": {
    "task": "bpb_by_position",
    "num_buckets": 128,
    "sequence_length": 8192,
    "buckets": {
      "0-64": {
        "center_position": 32.0,
        "bpb": 1.3433032035827637
      },
      "64-128": {
        "center_position": 96.0,
        "bpb": 1.1590683460235596
      },
      "128-192": {
        "center_position": 160.0,
        "bpb": 1.1139004230499268
      },
      "192-256": {
        "center_position": 224.0,
        "bpb": 1.0765879154205322
      },
      "256-320": {
        "center_position": 288.0,
        "bpb": 1.1056108474731445
      },
      "320-384": {
        "center_position": 352.0,
        "bpb": 1.100405216217041
      },
      "384-448": {
        "center_position": 416.0,
        "bpb": 1.0989007949829102
      },
      "448-512": {
        "center_position": 480.0,
        "bpb": 1.0927693843841553
      },
      "512-576": {
        "center_position": 544.0,
        "bpb": 1.053644061088562
      },
      "576-640": {
        "center_position": 608.0,
        "bpb": 1.014756441116333
      },
      "640-704": {
        "center_position": 672.0,
        "bpb": 0.9929109215736389
      },
      "704-768": {
        "center_position": 736.0,
        "bpb": 1.060232400894165
      },
      "768-832": {
        "center_position": 800.0,
        "bpb": 1.1181354522705078
      },
      "832-896": {
        "center_position": 864.0,
        "bpb": 1.1078286170959473
      },
      "896-960": {
        "center_position": 928.0,
        "bpb": 1.1100130081176758
      },
      "960-1024": {
        "center_position": 992.0,
        "bpb": 1.1063485145568848
      },
      "1024-1088": {
        "center_position": 1056.0,
        "bpb": 1.1038960218429565
      },
      "1088-1152": {
        "center_position": 1120.0,
        "bpb": 1.0845518112182617
      },
      "1152-1216": {
        "center_position": 1184.0,
        "bpb": 1.0741572380065918
      },
      "1216-1280": {
        "center_position": 1248.0,
        "bpb": 1.0409247875213623
      },
      "1280-1344": {
        "center_position": 1312.0,
        "bpb": 1.0277798175811768
      },
      "1344-1408": {
        "center_position": 1376.0,
        "bpb": 1.0273797512054443
      },
      "1408-1472": {
        "center_position": 1440.0,
        "bpb": 1.022959589958191
      },
      "1472-1536": {
        "center_position": 1504.0,
        "bpb": 1.0472184419631958
      },
      "1536-1600": {
        "center_position": 1568.0,
        "bpb": 1.0668110847473145
      },
      "1600-1664": {
        "center_position": 1632.0,
        "bpb": 1.0875290632247925
      },
      "1664-1728": {
        "center_position": 1696.0,
        "bpb": 1.0855128765106201
      },
      "1728-1792": {
        "center_position": 1760.0,
        "bpb": 1.059983253479004
      },
      "1792-1856": {
        "center_position": 1824.0,
        "bpb": 1.0745015144348145
      },
      "1856-1920": {
        "center_position": 1888.0,
        "bpb": 1.0660548210144043
      },
      "1920-1984": {
        "center_position": 1952.0,
        "bpb": 1.0581358671188354
      },
      "1984-2048": {
        "center_position": 2016.0,
        "bpb": 1.0368870496749878
      },
      "2048-2112": {
        "center_position": 2080.0,
        "bpb": 1.0498830080032349
      },
      "2112-2176": {
        "center_position": 2144.0,
        "bpb": 1.0542572736740112
      },
      "2176-2240": {
        "center_position": 2208.0,
        "bpb": 1.046324610710144
      },
      "2240-2304": {
        "center_position": 2272.0,
        "bpb": 1.0829507112503052
      },
      "2304-2368": {
        "center_position": 2336.0,
        "bpb": 1.1000399589538574
      },
      "2368-2432": {
        "center_position": 2400.0,
        "bpb": 1.0559000968933105
      },
      "2432-2496": {
        "center_position": 2464.0,
        "bpb": 1.0744438171386719
      },
      "2496-2560": {
        "center_position": 2528.0,
        "bpb": 1.08030366897583
      },
      "2560-2624": {
        "center_position": 2592.0,
        "bpb": 1.0806996822357178
      },
      "2624-2688": {
        "center_position": 2656.0,
        "bpb": 1.0477111339569092
      },
      "2688-2752": {
        "center_position": 2720.0,
        "bpb": 1.1106356382369995
      },
      "2752-2816": {
        "center_position": 2784.0,
        "bpb": 1.0916038751602173
      },
      "2816-2880": {
        "center_position": 2848.0,
        "bpb": 1.0699586868286133
      },
      "2880-2944": {
        "center_position": 2912.0,
        "bpb": 1.0678420066833496
      },
      "2944-3008": {
        "center_position": 2976.0,
        "bpb": 1.053271770477295
      },
      "3008-3072": {
        "center_position": 3040.0,
        "bpb": 1.0451359748840332
      },
      "3072-3136": {
        "center_position": 3104.0,
        "bpb": 1.0605096817016602
      },
      "3136-3200": {
        "center_position": 3168.0,
        "bpb": 1.0570460557937622
      },
      "3200-3264": {
        "center_position": 3232.0,
        "bpb": 1.056952714920044
      },
      "3264-3328": {
        "center_position": 3296.0,
        "bpb": 1.0558862686157227
      },
      "3328-3392": {
        "center_position": 3360.0,
        "bpb": 1.04947829246521
      },
      "3392-3456": {
        "center_position": 3424.0,
        "bpb": 1.0419814586639404
      },
      "3456-3520": {
        "center_position": 3488.0,
        "bpb": 1.0290249586105347
      },
      "3520-3584": {
        "center_position": 3552.0,
        "bpb": 1.040226697921753
      },
      "3584-3648": {
        "center_position": 3616.0,
        "bpb": 1.034196138381958
      },
      "3648-3712": {
        "center_position": 3680.0,
        "bpb": 1.024731993675232
      },
      "3712-3776": {
        "center_position": 3744.0,
        "bpb": 1.0615209341049194
      },
      "3776-3840": {
        "center_position": 3808.0,
        "bpb": 1.0752722024917603
      },
      "3840-3904": {
        "center_position": 3872.0,
        "bpb": 1.069008708000183
      },
      "3904-3968": {
        "center_position": 3936.0,
        "bpb": 1.0436973571777344
      },
      "3968-4032": {
        "center_position": 4000.0,
        "bpb": 1.0751655101776123
      },
      "4032-4096": {
        "center_position": 4064.0,
        "bpb": 1.0459064245224
      },
      "4096-4160": {
        "center_position": 4128.0,
        "bpb": 1.0567066669464111
      },
      "4160-4224": {
        "center_position": 4192.0,
        "bpb": 1.0474963188171387
      },
      "4224-4288": {
        "center_position": 4256.0,
        "bpb": 1.036163091659546
      },
      "4288-4352": {
        "center_position": 4320.0,
        "bpb": 1.0492295026779175
      },
      "4352-4416": {
        "center_position": 4384.0,
        "bpb": 1.0360233783721924
      },
      "4416-4480": {
        "center_position": 4448.0,
        "bpb": 1.0359528064727783
      },
      "4480-4544": {
        "center_position": 4512.0,
        "bpb": 1.0342916250228882
      },
      "4544-4608": {
        "center_position": 4576.0,
        "bpb": 1.043079137802124
      },
      "4608-4672": {
        "center_position": 4640.0,
        "bpb": 1.0340497493743896
      },
      "4672-4736": {
        "center_position": 4704.0,
        "bpb": 1.0255244970321655
      },
      "4736-4800": {
        "center_position": 4768.0,
        "bpb": 1.0199692249298096
      },
      "4800-4864": {
        "center_position": 4832.0,