{
  "mechanism": "baseline",
  "depth": 12,
  "max_seq_len": 4096,
  "window_pattern": "L",
  "seed": 1337,
  "val_bpb": 0.8462947504599893,
  "min_val_bpb": 0.8462947504599893,
  "total_params": 286261730,
  "base_params": 286261730,
  "memory_params": 0,
  "param_overhead_pct": 0.0,
  "total_time_min": 6.332068061828613,
  "peak_vram_mib": 29664.29541015625,
  "flops_per_step": 583842033303552,
  "total_flops": 1471281923924951040,
  "bpb_by_position": {
    "task": "bpb_by_position",
    "num_buckets": 64,
    "sequence_length": 4096,
    "buckets": {
      "0-64": {
        "center_position": 32.0,
        "bpb": 1.3482283353805542
      },
      "64-128": {
        "center_position": 96.0,
        "bpb": 1.1322990655899048
      },
      "128-192": {
        "center_position": 160.0,
        "bpb": 1.1204028129577637
      },
      "192-256": {
        "center_position": 224.0,
        "bpb": 1.0858418941497803
      },
      "256-320": {
        "center_position": 288.0,
        "bpb": 1.0983140468597412
      },
      "320-384": {
        "center_position": 352.0,
        "bpb": 1.081145167350769
      },
      "384-448": {
        "center_position": 416.0,
        "bpb": 1.0671708583831787
      },
      "448-512": {
        "center_position": 480.0,
        "bpb": 1.0709354877471924
      },
      "512-576": {
        "center_position": 544.0,
        "bpb": 1.0446605682373047
      },
      "576-640": {
        "center_position": 608.0,
        "bpb": 1.0036699771881104
      },
      "640-704": {
        "center_position": 672.0,
        "bpb": 0.9717453122138977
      },
      "704-768": {
        "center_position": 736.0,
        "bpb": 1.0630214214324951
      },
      "768-832": {
        "center_position": 800.0,
        "bpb": 1.1026480197906494
      },
      "832-896": {
        "center_position": 864.0,
        "bpb": 1.0994465351104736
      },
      "896-960": {
        "center_position": 928.0,
        "bpb": 1.0740444660186768
      },
      "960-1024": {
        "center_position": 992.0,
        "bpb": 1.0900847911834717
      },
      "1024-1088": {
        "center_position": 1056.0,
        "bpb": 1.0762860774993896
      },
      "1088-1152": {
        "center_position": 1120.0,
        "bpb": 1.0607497692108154
      },
      "1152-1216": {
        "center_position": 1184.0,
        "bpb": 1.0488910675048828
      },
      "1216-1280": {
        "center_position": 1248.0,
        "bpb": 1.0264866352081299
      },
      "1280-1344": {
        "center_position": 1312.0,
        "bpb": 1.0171383619308472
      },
      "1344-1408": {
        "center_position": 1376.0,
        "bpb": 1.0054986476898193
      },
      "1408-1472": {
        "center_position": 1440.0,
        "bpb": 1.045893907546997
      },
      "1472-1536": {
        "center_position": 1504.0,
        "bpb": 1.0484304428100586
      },
      "1536-1600": {
        "center_position": 1568.0,
        "bpb": 1.073804497718811
      },
      "1600-1664": {
        "center_position": 1632.0,
        "bpb": 1.070446491241455
      },
      "1664-1728": {
        "center_position": 1696.0,
        "bpb": 1.0798516273498535
      },
      "1728-1792": {
        "center_position": 1760.0,
        "bpb": 1.0675535202026367
      },
      "1792-1856": {
        "center_position": 1824.0,
        "bpb": 1.0703165531158447
      },
      "1856-1920": {
        "center_position": 1888.0,
        "bpb": 1.056773066520691
      },
      "1920-1984": {
        "center_position": 1952.0,
        "bpb": 1.0465888977050781
      },
      "1984-2048": {
        "center_position": 2016.0,
        "bpb": 1.0409984588623047
      },
      "2048-2112": {
        "center_position": 2080.0,
        "bpb": 1.0326521396636963
      },
      "2112-2176": {
        "center_position": 2144.0,
        "bpb": 1.0438812971115112
      },
      "2176-2240": {
        "center_position": 2208.0,
        "bpb": 1.036217212677002
      },
      "2240-2304": {
        "center_position": 2272.0,
        "bpb": 1.0486500263214111
      },
      "2304-2368": {
        "center_position": 2336.0,
        "bpb": 1.0708483457565308
      },
      "2368-2432": {
        "center_position": 2400.0,
        "bpb": 1.04473876953125
      },
      "2432-2496": {
        "center_position": 2464.0,
        "bpb": 1.0588966608047485
      },
      "2496-2560": {
        "center_position": 2528.0,
        "bpb": 1.0556806325912476
      },
      "2560-2624": {
        "center_position": 2592.0,
        "bpb": 1.0484120845794678
      },
      "2624-2688": {
        "center_position": 2656.0,
        "bpb": 1.0395643711090088
      },
      "2688-2752": {
        "center_position": 2720.0,
        "bpb": 1.0472562313079834
      },
      "2752-2816": {
        "center_position": 2784.0,
        "bpb": 1.0231578350067139
      },
      "2816-2880": {
        "center_position": 2848.0,
        "bpb": 1.0289192199707031
      },
      "2880-2944": {
        "center_position": 2912.0,
        "bpb": 1.058032512664795
      },
      "2944-3008": {
        "center_position": 2976.0,
        "bpb": 1.0489492416381836
      },
      "3008-3072": {
        "center_position": 3040.0,
        "bpb": 1.0429668426513672
      },
      "3072-3136": {
        "center_position": 3104.0,
        "bpb": 1.0475648641586304
      },
      "3136-3200": {
        "center_position": 3168.0,
        "bpb": 1.0588698387145996
      },
      "3200-3264": {
        "center_position": 3232.0,
        "bpb": 1.0573450326919556
      },
      "3264-3328": {
        "center_position": 3296.0,
        "bpb": 1.0581101179122925
      },
      "3328-3392": {
        "center_position": 3360.0,
        "bpb": 1.0438835620880127
      },
      "3392-3456": {
        "center_position": 3424.0,
        "bpb": 1.0492291450500488
      },
      "3456-3520": {
        "center_position": 3488.0,
        "bpb": 1.035880208015442
      },
      "3520-3584": {
        "center_position": 3552.0,
        "bpb": 1.0418078899383545
      },
      "3584-3648": {
        "center_position": 3616.0,
        "bpb": 1.073053002357483
      },
      "3648-3712": {
        "center_position": 3680.0,
        "bpb": 1.0467973947525024
      },
      "3712-3776": {
        "center_position": 3744.0,
        "bpb": 1.0608186721801758
      },
      "3776-3840": {
        "center_position": 3808.0,
        "bpb": 1.0552771091461182
      },
      "3840-3904": {
        "center_position": 3872.0,
        "bpb": 1.070252537727356
      },
      "3904-3968": {
        "center_position": 3936.0,
        "bpb": 1.089834213256836
      },
      "3968-4032": {
        "center_position": 4000.0,
        "bpb": 1.1058290004730225
      },
      "4032-4096": {
        "center_position": 4064.0,
        "bpb": 1.0016151666641235
      }
    },
    "overall_mean_bpb": 1.0611618757247925
  },
  "niah": {
    "context_lengths": [
      256,
      512,
      1024,
      2048
    ],
    "positions": [
      0.1,
      0.25,
      0.5,
      0.75,
      0.9
    ],
    "accuracy": {
      "256": {
        "0.1": 1.0,
        "0.25": 1.0,
        "0.5": 1.0,
        "0.75": 1.0,
        "0.9": 1.0
      },
      "512": {
        "0.1": 1.0,
        "0.25": 1.0,
        "0.5": 1.0,
        "0.75": 1.0,
        "0.9": 1.0
      },
      "1024": {
        "0.1": 1.0,
        "0.25": 1.0,
        "0.5": 1.0,
        "0.75": 1.0,
        "0.9": 1.0
      },
      "2048": {
        "0.1": 1.0,
        "0.25": 1.0,
        "0.5": 1.0,
        "0.75": 1.0,
        "0.9": 1.0
      }
    },
    "overall_accuracy": 1.0
  }
}