{
  "mechanism": "baseline",
  "depth": 12,
  "max_seq_len": 8192,
  "window_pattern": "SSSL",
  "seed": 1337,
  "val_bpb": 0.8486051965928606,
  "min_val_bpb": 0.8486051965928606,
  "total_params": 286261730,
  "base_params": 286261730,
  "memory_params": 0,
  "param_overhead_pct": 0.0,
  "total_time_min": 6.558199536800385,
  "peak_vram_mib": 29674.32666015625,
  "flops_per_step": 554155219353600,
  "total_flops": 1396471152771072000,
  "bpb_by_position": {
    "task": "bpb_by_position",
    "num_buckets": 128,
    "sequence_length": 8192,
    "buckets": {
      "0-64": {
        "center_position": 32.0,
        "bpb": 1.340638279914856
      },
      "64-128": {
        "center_position": 96.0,
        "bpb": 1.15635085105896
      },
      "128-192": {
        "center_position": 160.0,
        "bpb": 1.1151654720306396
      },
      "192-256": {
        "center_position": 224.0,
        "bpb": 1.0823452472686768
      },
      "256-320": {
        "center_position": 288.0,
        "bpb": 1.1006778478622437
      },
      "320-384": {
        "center_position": 352.0,
        "bpb": 1.0991017818450928
      },
      "384-448": {
        "center_position": 416.0,
        "bpb": 1.0959621667861938
      },
      "448-512": {
        "center_position": 480.0,
        "bpb": 1.0930273532867432
      },
      "512-576": {
        "center_position": 544.0,
        "bpb": 1.0526440143585205
      },
      "576-640": {
        "center_position": 608.0,
        "bpb": 1.0183358192443848
      },
      "640-704": {
        "center_position": 672.0,
        "bpb": 0.9937466979026794
      },
      "704-768": {
        "center_position": 736.0,
        "bpb": 1.0605298280715942
      },
      "768-832": {
        "center_position": 800.0,
        "bpb": 1.117654800415039
      },
      "832-896": {
        "center_position": 864.0,
        "bpb": 1.1060540676116943
      },
      "896-960": {
        "center_position": 928.0,
        "bpb": 1.1080782413482666
      },
      "960-1024": {
        "center_position": 992.0,
        "bpb": 1.1054143905639648
      },
      "1024-1088": {
        "center_position": 1056.0,
        "bpb": 1.1028051376342773
      },
      "1088-1152": {
        "center_position": 1120.0,
        "bpb": 1.0820865631103516
      },
      "1152-1216": {
        "center_position": 1184.0,
        "bpb": 1.070395588874817
      },
      "1216-1280": {
        "center_position": 1248.0,
        "bpb": 1.037855863571167
      },
      "1280-1344": {
        "center_position": 1312.0,
        "bpb": 1.0275778770446777
      },
      "1344-1408": {
        "center_position": 1376.0,
        "bpb": 1.0253243446350098
      },
      "1408-1472": {
        "center_position": 1440.0,
        "bpb": 1.0227420330047607
      },
      "1472-1536": {
        "center_position": 1504.0,
        "bpb": 1.0492353439331055
      },
      "1536-1600": {
        "center_position": 1568.0,
        "bpb": 1.0689351558685303
      },
      "1600-1664": {
        "center_position": 1632.0,
        "bpb": 1.086866021156311
      },
      "1664-1728": {
        "center_position": 1696.0,
        "bpb": 1.079537272453308
      },
      "1728-1792": {
        "center_position": 1760.0,
        "bpb": 1.0607030391693115
      },
      "1792-1856": {
        "center_position": 1824.0,
        "bpb": 1.0707027912139893
      },
      "1856-1920": {
        "center_position": 1888.0,
        "bpb": 1.0699474811553955
      },
      "1920-1984": {
        "center_position": 1952.0,
        "bpb": 1.057504415512085
      },
      "1984-2048": {
        "center_position": 2016.0,
        "bpb": 1.0338711738586426
      },
      "2048-2112": {
        "center_position": 2080.0,
        "bpb": 1.050701379776001
      },
      "2112-2176": {
        "center_position": 2144.0,
        "bpb": 1.0523040294647217
      },
      "2176-2240": {
        "center_position": 2208.0,
        "bpb": 1.0433118343353271
      },
      "2240-2304": {
        "center_position": 2272.0,
        "bpb": 1.0837852954864502
      },
      "2304-2368": {
        "center_position": 2336.0,
        "bpb": 1.0998250246047974
      },
      "2368-2432": {
        "center_position": 2400.0,
        "bpb": 1.0564289093017578
      },
      "2432-2496": {
        "center_position": 2464.0,
        "bpb": 1.0750035047531128
      },
      "2496-2560": {
        "center_position": 2528.0,
        "bpb": 1.0749306678771973
      },
      "2560-2624": {
        "center_position": 2592.0,
        "bpb": 1.0810425281524658
      },
      "2624-2688": {
        "center_position": 2656.0,
        "bpb": 1.0477862358093262
      },
      "2688-2752": {
        "center_position": 2720.0,
        "bpb": 1.10869562625885
      },
      "2752-2816": {
        "center_position": 2784.0,
        "bpb": 1.0943524837493896
      },
      "2816-2880": {
        "center_position": 2848.0,
        "bpb": 1.068764328956604
      },
      "2880-2944": {
        "center_position": 2912.0,
        "bpb": 1.0687155723571777
      },
      "2944-3008": {
        "center_position": 2976.0,
        "bpb": 1.0514506101608276
      },
      "3008-3072": {
        "center_position": 3040.0,
        "bpb": 1.0440268516540527
      },
      "3072-3136": {
        "center_position": 3104.0,
        "bpb": 1.0567363500595093
      },
      "3136-3200": {
        "center_position": 3168.0,
        "bpb": 1.0547010898590088
      },
      "3200-3264": {
        "center_position": 3232.0,
        "bpb": 1.0560760498046875
      },
      "3264-3328": {
        "center_position": 3296.0,
        "bpb": 1.0495333671569824
      },
      "3328-3392": {
        "center_position": 3360.0,
        "bpb": 1.0479440689086914
      },
      "3392-3456": {
        "center_position": 3424.0,
        "bpb": 1.0421478748321533
      },
      "3456-3520": {
        "center_position": 3488.0,
        "bpb": 1.0285563468933105
      },
      "3520-3584": {
        "center_position": 3552.0,
        "bpb": 1.0384678840637207
      },
      "3584-3648": {
        "center_position": 3616.0,
        "bpb": 1.0304474830627441
      },
      "3648-3712": {
        "center_position": 3680.0,
        "bpb": 1.023005485534668
      },
      "3712-3776": {
        "center_position": 3744.0,
        "bpb": 1.0599696636199951
      },
      "3776-3840": {
        "center_position": 3808.0,
        "bpb": 1.073907494544983
      },
      "3840-3904": {
        "center_position": 3872.0,
        "bpb": 1.068360447883606
      },
      "3904-3968": {
        "center_position": 3936.0,
        "bpb": 1.0431334972381592
      },
      "3968-4032": {
        "center_position": 4000.0,
        "bpb": 1.0703318119049072
      },
      "4032-4096": {
        "center_position": 4064.0,
        "bpb": 1.0428999662399292
      },
      "4096-4160": {
        "center_position": 4128.0,
        "bpb": 1.0543780326843262
      },
      "4160-4224": {
        "center_position": 4192.0,
        "bpb": 1.0458271503448486
      },
      "4224-4288": {
        "center_position": 4256.0,
        "bpb": 1.0415910482406616
      },
      "4288-4352": {
        "center_position": 4320.0,
        "bpb": 1.0493159294128418
      },
      "4352-4416": {
        "center_position": 4384.0,
        "bpb": 1.035239338874817
      },
      "4416-4480": {
        "center_position": 4448.0,
        "bpb": 1.037030577659607
      },
      "4480-4544": {
        "center_position": 4512.0,
        "bpb": 1.0316495895385742
      },
      "4544-4608": {
        "center_position": 4576.0,
        "bpb": 1.0388507843017578
      },
      "4608-4672": {
        "center_position": 4640.0,
        "bpb": 1.0325961112976074
      },
      "4672-4736": {
        "center_position": 4704.0,
        "bpb": 1.0209294557571411
      },
      "4736-4800": {
        "center_position": 4768.0,
        "bpb": 1.0165356397628784
      },
      "4800-4864": {
        "center_position": 4832.0,