{
  "mechanism": "baseline",
  "depth": 12,
  "max_seq_len": 2048,
  "window_pattern": "SSSL",
  "seed": 42,
  "val_bpb": 0.8463227828663586,
  "min_val_bpb": 0.8463227828663586,
  "total_params": 286261730,
  "base_params": 286261730,
  "memory_params": 0,
  "param_overhead_pct": 0.0,
  "total_time_min": 5.565889338652293,
  "peak_vram_mib": 29659.27978515625,
  "flops_per_step": 398299446116352,
  "total_flops": 1003714604213207040,
  "bpb_by_position": {
    "task": "bpb_by_position",
    "num_buckets": 32,
    "sequence_length": 2048,
    "buckets": {
      "0-64": {
        "center_position": 32.0,
        "bpb": 1.3105915784835815
      },
      "64-128": {
        "center_position": 96.0,
        "bpb": 1.1116423606872559
      },
      "128-192": {
        "center_position": 160.0,
        "bpb": 1.0901626348495483
      },
      "192-256": {
        "center_position": 224.0,
        "bpb": 1.0739245414733887
      },
      "256-320": {
        "center_position": 288.0,
        "bpb": 1.0753984451293945
      },
      "320-384": {
        "center_position": 352.0,
        "bpb": 1.0636361837387085
      },
      "384-448": {
        "center_position": 416.0,
        "bpb": 1.067655086517334
      },
      "448-512": {
        "center_position": 480.0,
        "bpb": 1.0693422555923462
      },
      "512-576": {
        "center_position": 544.0,
        "bpb": 1.0500414371490479
      },
      "576-640": {
        "center_position": 608.0,
        "bpb": 0.9860862493515015
      },
      "640-704": {
        "center_position": 672.0,
        "bpb": 0.9133766889572144
      },
      "704-768": {
        "center_position": 736.0,
        "bpb": 1.0587393045425415
      },
      "768-832": {
        "center_position": 800.0,
        "bpb": 1.1066462993621826
      },
      "832-896": {
        "center_position": 864.0,
        "bpb": 1.0933074951171875
      },
      "896-960": {
        "center_position": 928.0,
        "bpb": 1.086815357208252
      },
      "960-1024": {
        "center_position": 992.0,
        "bpb": 1.0877848863601685
      },
      "1024-1088": {
        "center_position": 1056.0,
        "bpb": 1.0910924673080444
      },
      "1088-1152": {
        "center_position": 1120.0,
        "bpb": 1.0754742622375488
      },
      "1152-1216": {
        "center_position": 1184.0,
        "bpb": 1.089206337928772
      },
      "1216-1280": {
        "center_position": 1248.0,
        "bpb": 1.071250081062317
      },
      "1280-1344": {
        "center_position": 1312.0,
        "bpb": 1.0295125246047974
      },
      "1344-1408": {
        "center_position": 1376.0,
        "bpb": 0.9942086338996887
      },
      "1408-1472": {
        "center_position": 1440.0,
        "bpb": 1.0249109268188477
      },
      "1472-1536": {
        "center_position": 1504.0,
        "bpb": 1.0605357885360718
      },
      "1536-1600": {
        "center_position": 1568.0,
        "bpb": 1.0848939418792725
      },
      "1600-1664": {
        "center_position": 1632.0,
        "bpb": 1.083528995513916
      },
      "1664-1728": {
        "center_position": 1696.0,
        "bpb": 1.0802271366119385
      },
      "1728-1792": {
        "center_position": 1760.0,
        "bpb": 1.06894850730896
      },
      "1792-1856": {
        "center_position": 1824.0,
        "bpb": 1.0778138637542725
      },
      "1856-1920": {
        "center_position": 1888.0,
        "bpb": 1.0618805885314941
      },
      "1920-1984": {
        "center_position": 1952.0,
        "bpb": 1.027635097503662
      },
      "1984-2048": {
        "center_position": 2016.0,
        "bpb": 0.9336882829666138
      }
    },
    "overall_mean_bpb": 1.0656237602233887
  }
}