{
  "mechanism": "baseline",
  "depth": 12,
  "max_seq_len": 2048,
  "window_pattern": "L",
  "seed": 3141,
  "val_bpb": 0.8457132426991877,
  "min_val_bpb": 0.8457132426991877,
  "total_params": 286261730,
  "base_params": 286261730,
  "memory_params": 0,
  "param_overhead_pct": 0.0,
  "total_time_min": 5.785434412956238,
  "peak_vram_mib": 29659.27978515625,
  "flops_per_step": 465094777503744,
  "total_flops": 1172038839309434880,
  "bpb_by_position": {
    "task": "bpb_by_position",
    "num_buckets": 32,
    "sequence_length": 2048,
    "buckets": {
      "0-64": {
        "center_position": 32.0,
        "bpb": 1.3093348741531372
      },
      "64-128": {
        "center_position": 96.0,
        "bpb": 1.1096484661102295
      },
      "128-192": {
        "center_position": 160.0,
        "bpb": 1.0899057388305664
      },
      "192-256": {
        "center_position": 224.0,
        "bpb": 1.0723567008972168
      },
      "256-320": {
        "center_position": 288.0,
        "bpb": 1.0746312141418457
      },
      "320-384": {
        "center_position": 352.0,
        "bpb": 1.062776803970337
      },
      "384-448": {
        "center_position": 416.0,
        "bpb": 1.0651493072509766
      },
      "448-512": {
        "center_position": 480.0,
        "bpb": 1.0656869411468506
      },
      "512-576": {
        "center_position": 544.0,
        "bpb": 1.0491836071014404
      },
      "576-640": {
        "center_position": 608.0,
        "bpb": 0.9828267097473145
      },
      "640-704": {
        "center_position": 672.0,
        "bpb": 0.9118277430534363
      },
      "704-768": {
        "center_position": 736.0,
        "bpb": 1.0566083192825317
      },
      "768-832": {
        "center_position": 800.0,
        "bpb": 1.1062462329864502
      },
      "832-896": {
        "center_position": 864.0,
        "bpb": 1.092576265335083
      },
      "896-960": {
        "center_position": 928.0,
        "bpb": 1.0849320888519287
      },
      "960-1024": {
        "center_position": 992.0,
        "bpb": 1.086836338043213
      },
      "1024-1088": {
        "center_position": 1056.0,
        "bpb": 1.0875864028930664
      },
      "1088-1152": {
        "center_position": 1120.0,
        "bpb": 1.0748951435089111
      },
      "1152-1216": {
        "center_position": 1184.0,
        "bpb": 1.0885186195373535
      },
      "1216-1280": {
        "center_position": 1248.0,
        "bpb": 1.0692274570465088
      },
      "1280-1344": {
        "center_position": 1312.0,
        "bpb": 1.026157021522522
      },
      "1344-1408": {
        "center_position": 1376.0,
        "bpb": 0.9915443658828735
      },
      "1408-1472": {
        "center_position": 1440.0,
        "bpb": 1.0226662158966064
      },
      "1472-1536": {
        "center_position": 1504.0,
        "bpb": 1.0597765445709229
      },
      "1536-1600": {
        "center_position": 1568.0,
        "bpb": 1.0843915939331055
      },
      "1600-1664": {
        "center_position": 1632.0,
        "bpb": 1.0834119319915771
      },
      "1664-1728": {
        "center_position": 1696.0,
        "bpb": 1.0790200233459473
      },
      "1728-1792": {
        "center_position": 1760.0,
        "bpb": 1.0678679943084717
      },
      "1792-1856": {
        "center_position": 1824.0,
        "bpb": 1.0772075653076172
      },
      "1856-1920": {
        "center_position": 1888.0,
        "bpb": 1.0613985061645508
      },
      "1920-1984": {
        "center_position": 1952.0,
        "bpb": 1.0266883373260498
      },
      "1984-2048": {
        "center_position": 2016.0,
        "bpb": 0.928778350353241
      }
    },
    "overall_mean_bpb": 1.0640519857406616
  },
  "niah": {
    "context_lengths": [
      256,
      512,
      1024,
      2048
    ],
    "positions": [
      0.1,
      0.25,
      0.5,
      0.75,
      0.9
    ],
    "accuracy": {
      "256": {
        "0.1": 1.0,
        "0.25": 1.0,
        "0.5": 1.0,
        "0.75": 1.0,
        "0.9": 1.0
      },
      "512": {
        "0.1": 1.0,
        "0.25": 1.0,
        "0.5": 1.0,
        "0.75": 1.0,
        "0.9": 1.0
      },
      "1024": {
        "0.1": 1.0,
        "0.25": 1.0,
        "0.5": 1.0,
        "0.75": 1.0,
        "0.9": 1.0
      },
      "2048": {
        "0.1": 1.0,
        "0.25": 1.0,
        "0.5": 1.0,
        "0.75": 1.0,
        "0.9": 1.0
      }
    },
    "overall_accuracy": 1.0
  }
}