{
  "mechanism": "baseline",
  "depth": 12,
  "seed": 3141,
  "val_bpb": 0.8452894112525768,
  "min_val_bpb": 0.8452894112525768,
  "total_params": 286261730,
  "base_params": 286261730,
  "memory_params": 0,
  "param_overhead_pct": 0.0,
  "total_time_min": 5.440934614340464,
  "peak_vram_mib": 29659.27978515625,
  "flops_per_step": 398299446116352,
  "total_flops": 1003714604213207040,
  "bpb_by_position": {
    "task": "bpb_by_position",
    "num_buckets": 32,
    "sequence_length": 2048,
    "buckets": {
      "0-64": {
        "center_position": 32.0,
        "bpb": 1.303316593170166
      },
      "64-128": {
        "center_position": 96.0,
        "bpb": 1.108780860900879
      },
      "128-192": {
        "center_position": 160.0,
        "bpb": 1.0882441997528076
      },
      "192-256": {
        "center_position": 224.0,
        "bpb": 1.0822023153305054
      },
      "256-320": {
        "center_position": 288.0,
        "bpb": 1.087787389755249
      },
      "320-384": {
        "center_position": 352.0,
        "bpb": 1.0617533922195435
      },
      "384-448": {
        "center_position": 416.0,
        "bpb": 1.071143627166748
      },
      "448-512": {
        "center_position": 480.0,
        "bpb": 1.0672651529312134
      },
      "512-576": {
        "center_position": 544.0,
        "bpb": 1.0537316799163818
      },
      "576-640": {
        "center_position": 608.0,
        "bpb": 0.9833064675331116
      },
      "640-704": {
        "center_position": 672.0,
        "bpb": 0.9030724763870239
      },
      "704-768": {
        "center_position": 736.0,
        "bpb": 1.0414578914642334
      },
      "768-832": {
        "center_position": 800.0,
        "bpb": 1.08987557888031
      },
      "832-896": {
        "center_position": 864.0,
        "bpb": 1.0736291408538818
      },
      "896-960": {
        "center_position": 928.0,
        "bpb": 1.079054594039917
      },
      "960-1024": {
        "center_position": 992.0,
        "bpb": 1.0714114904403687
      },
      "1024-1088": {
        "center_position": 1056.0,
        "bpb": 1.077932357788086
      },
      "1088-1152": {
        "center_position": 1120.0,
        "bpb": 1.0678062438964844
      },
      "1152-1216": {
        "center_position": 1184.0,
        "bpb": 1.066715121269226
      },
      "1216-1280": {
        "center_position": 1248.0,
        "bpb": 1.0638210773468018
      },
      "1280-1344": {
        "center_position": 1312.0,
        "bpb": 1.0323320627212524
      },
      "1344-1408": {
        "center_position": 1376.0,
        "bpb": 0.9951409101486206
      },
      "1408-1472": {
        "center_position": 1440.0,
        "bpb": 1.0263400077819824
      },
      "1472-1536": {
        "center_position": 1504.0,
        "bpb": 1.0710153579711914
      },
      "1536-1600": {
        "center_position": 1568.0,
        "bpb": 1.0974116325378418
      },
      "1600-1664": {
        "center_position": 1632.0,
        "bpb": 1.0944015979766846
      },
      "1664-1728": {
        "center_position": 1696.0,
        "bpb": 1.0935391187667847
      },
      "1728-1792": {
        "center_position": 1760.0,
        "bpb": 1.0839710235595703
      },
      "1792-1856": {
        "center_position": 1824.0,
        "bpb": 1.070777416229248
      },
      "1856-1920": {
        "center_position": 1888.0,
        "bpb": 1.0600440502166748
      },
      "1920-1984": {
        "center_position": 1952.0,
        "bpb": 1.0402307510375977
      },
      "1984-2048": {
        "center_position": 2016.0,
        "bpb": 0.939471960067749
      }
    },
    "overall_mean_bpb": 1.0639681816101074
  }
}