{
  "mechanism": "baseline",
  "depth": 12,
  "seed": 67,
  "val_bpb": 0.845871372577222,
  "min_val_bpb": 0.845871372577222,
  "total_params": 286261730,
  "base_params": 286261730,
  "memory_params": 0,
  "param_overhead_pct": 0.0,
  "total_time_min": 5.5146050453186035,
  "peak_vram_mib": 29659.27978515625,
  "flops_per_step": 398299446116352,
  "total_flops": 1003714604213207040,
  "bpb_by_position": {
    "task": "bpb_by_position",
    "num_buckets": 32,
    "sequence_length": 2048,
    "buckets": {
      "0-64": {
        "center_position": 32.0,
        "bpb": 1.3024181127548218
      },
      "64-128": {
        "center_position": 96.0,
        "bpb": 1.109503984451294
      },
      "128-192": {
        "center_position": 160.0,
        "bpb": 1.0869379043579102
      },
      "192-256": {
        "center_position": 224.0,
        "bpb": 1.0819246768951416
      },
      "256-320": {
        "center_position": 288.0,
        "bpb": 1.0868000984191895
      },
      "320-384": {
        "center_position": 352.0,
        "bpb": 1.0595695972442627
      },
      "384-448": {
        "center_position": 416.0,
        "bpb": 1.0703973770141602
      },
      "448-512": {
        "center_position": 480.0,
        "bpb": 1.0665478706359863
      },
      "512-576": {
        "center_position": 544.0,
        "bpb": 1.0536775588989258
      },
      "576-640": {
        "center_position": 608.0,
        "bpb": 0.9808943271636963
      },
      "640-704": {
        "center_position": 672.0,
        "bpb": 0.9037071466445923
      },
      "704-768": {
        "center_position": 736.0,
        "bpb": 1.0437359809875488
      },
      "768-832": {
        "center_position": 800.0,
        "bpb": 1.0891788005828857
      },
      "832-896": {
        "center_position": 864.0,
        "bpb": 1.0715749263763428
      },
      "896-960": {
        "center_position": 928.0,
        "bpb": 1.0798053741455078
      },
      "960-1024": {
        "center_position": 992.0,
        "bpb": 1.07352876663208
      },
      "1024-1088": {
        "center_position": 1056.0,
        "bpb": 1.0794072151184082
      },
      "1088-1152": {
        "center_position": 1120.0,
        "bpb": 1.0678539276123047
      },
      "1152-1216": {
        "center_position": 1184.0,
        "bpb": 1.0683019161224365
      },
      "1216-1280": {
        "center_position": 1248.0,
        "bpb": 1.0635735988616943
      },
      "1280-1344": {
        "center_position": 1312.0,
        "bpb": 1.0321176052093506
      },
      "1344-1408": {
        "center_position": 1376.0,
        "bpb": 0.9945206642150879
      },
      "1408-1472": {
        "center_position": 1440.0,
        "bpb": 1.027073621749878
      },
      "1472-1536": {
        "center_position": 1504.0,
        "bpb": 1.073157787322998
      },
      "1536-1600": {
        "center_position": 1568.0,
        "bpb": 1.0973211526870728
      },
      "1600-1664": {
        "center_position": 1632.0,
        "bpb": 1.09415864944458
      },
      "1664-1728": {
        "center_position": 1696.0,
        "bpb": 1.0927128791809082
      },
      "1728-1792": {
        "center_position": 1760.0,
        "bpb": 1.08364999294281
      },
      "1792-1856": {
        "center_position": 1824.0,
        "bpb": 1.0704880952835083
      },
      "1856-1920": {
        "center_position": 1888.0,
        "bpb": 1.0607187747955322
      },
      "1920-1984": {
        "center_position": 1952.0,
        "bpb": 1.0397000312805176
      },
      "1984-2048": {
        "center_position": 2016.0,
        "bpb": 0.9405749440193176
      }
    },
    "overall_mean_bpb": 1.0639228820800781
  }
}