{
  "mechanism": "baseline",
  "depth": 12,
  "max_seq_len": 8192,
  "window_pattern": "L",
  "seed": 42,
  "val_bpb": 0.8493963905822505,
  "min_val_bpb": 0.8493963905822505,
  "total_params": 286261730,
  "base_params": 286261730,
  "memory_params": 0,
  "param_overhead_pct": 0.0,
  "total_time_min": 7.529067695140839,
  "peak_vram_mib": 29674.32666015625,
  "flops_per_step": 821336544903168,
  "total_flops": 2069768093155983360,
  "bpb_by_position": {
    "task": "bpb_by_position",
    "num_buckets": 128,
    "sequence_length": 8192,
    "buckets": {
      "0-64": {
        "center_position": 32.0,
        "bpb": 1.339057207107544
      },
      "64-128": {
        "center_position": 96.0,
        "bpb": 1.157240867614746
      },
      "128-192": {
        "center_position": 160.0,
        "bpb": 1.1130386590957642
      },
      "192-256": {
        "center_position": 224.0,
        "bpb": 1.0834729671478271
      },
      "256-320": {
        "center_position": 288.0,
        "bpb": 1.0989781618118286
      },
      "320-384": {
        "center_position": 352.0,
        "bpb": 1.100926160812378
      },
      "384-448": {
        "center_position": 416.0,
        "bpb": 1.0987346172332764
      },
      "448-512": {
        "center_position": 480.0,
        "bpb": 1.0949382781982422
      },
      "512-576": {
        "center_position": 544.0,
        "bpb": 1.0531749725341797
      },
      "576-640": {
        "center_position": 608.0,
        "bpb": 1.0129947662353516
      },
      "640-704": {
        "center_position": 672.0,
        "bpb": 1.0004560947418213
      },
      "704-768": {
        "center_position": 736.0,
        "bpb": 1.061153769493103
      },
      "768-832": {
        "center_position": 800.0,
        "bpb": 1.119403600692749
      },
      "832-896": {
        "center_position": 864.0,
        "bpb": 1.1090458631515503
      },
      "896-960": {
        "center_position": 928.0,
        "bpb": 1.111190676689148
      },
      "960-1024": {
        "center_position": 992.0,
        "bpb": 1.1078643798828125
      },
      "1024-1088": {
        "center_position": 1056.0,
        "bpb": 1.100012183189392
      },
      "1088-1152": {
        "center_position": 1120.0,
        "bpb": 1.0821094512939453
      },
      "1152-1216": {
        "center_position": 1184.0,
        "bpb": 1.0717500448226929
      },
      "1216-1280": {
        "center_position": 1248.0,
        "bpb": 1.0397822856903076
      },
      "1280-1344": {
        "center_position": 1312.0,
        "bpb": 1.0280966758728027
      },
      "1344-1408": {
        "center_position": 1376.0,
        "bpb": 1.0228582620620728
      },
      "1408-1472": {
        "center_position": 1440.0,
        "bpb": 1.0256619453430176
      },
      "1472-1536": {
        "center_position": 1504.0,
        "bpb": 1.0516293048858643
      },
      "1536-1600": {
        "center_position": 1568.0,
        "bpb": 1.0660772323608398
      },
      "1600-1664": {
        "center_position": 1632.0,
        "bpb": 1.0865330696105957
      },
      "1664-1728": {
        "center_position": 1696.0,
        "bpb": 1.07915461063385
      },
      "1728-1792": {
        "center_position": 1760.0,
        "bpb": 1.0634455680847168
      },
      "1792-1856": {
        "center_position": 1824.0,
        "bpb": 1.0722280740737915
      },
      "1856-1920": {
        "center_position": 1888.0,
        "bpb": 1.0705375671386719
      },
      "1920-1984": {
        "center_position": 1952.0,
        "bpb": 1.0613256692886353
      },
      "1984-2048": {
        "center_position": 2016.0,
        "bpb": 1.0388596057891846
      },
      "2048-2112": {
        "center_position": 2080.0,
        "bpb": 1.052376627922058
      },
      "2112-2176": {
        "center_position": 2144.0,
        "bpb": 1.0553185939788818
      },
      "2176-2240": {
        "center_position": 2208.0,
        "bpb": 1.0428550243377686
      },
      "2240-2304": {
        "center_position": 2272.0,
        "bpb": 1.0828787088394165
      },
      "2304-2368": {
        "center_position": 2336.0,
        "bpb": 1.0979176759719849
      },
      "2368-2432": {
        "center_position": 2400.0,
        "bpb": 1.0610485076904297
      },
      "2432-2496": {
        "center_position": 2464.0,
        "bpb": 1.0713306665420532
      },
      "2496-2560": {
        "center_position": 2528.0,
        "bpb": 1.0750559568405151
      },
      "2560-2624": {
        "center_position": 2592.0,
        "bpb": 1.081979513168335
      },
      "2624-2688": {
        "center_position": 2656.0,
        "bpb": 1.0504114627838135
      },
      "2688-2752": {
        "center_position": 2720.0,
        "bpb": 1.1084349155426025
      },
      "2752-2816": {
        "center_position": 2784.0,
        "bpb": 1.0917737483978271
      },
      "2816-2880": {
        "center_position": 2848.0,
        "bpb": 1.0714564323425293
      },
      "2880-2944": {
        "center_position": 2912.0,
        "bpb": 1.0707075595855713
      },
      "2944-3008": {
        "center_position": 2976.0,
        "bpb": 1.05318284034729
      },
      "3008-3072": {
        "center_position": 3040.0,
        "bpb": 1.0466362237930298
      },
      "3072-3136": {
        "center_position": 3104.0,
        "bpb": 1.0588366985321045
      },
      "3136-3200": {
        "center_position": 3168.0,
        "bpb": 1.0553314685821533
      },
      "3200-3264": {
        "center_position": 3232.0,
        "bpb": 1.0580799579620361
      },
      "3264-3328": {
        "center_position": 3296.0,
        "bpb": 1.0528614521026611
      },
      "3328-3392": {
        "center_position": 3360.0,
        "bpb": 1.0502361059188843
      },
      "3392-3456": {
        "center_position": 3424.0,
        "bpb": 1.041015386581421
      },
      "3456-3520": {
        "center_position": 3488.0,
        "bpb": 1.027858018875122
      },
      "3520-3584": {
        "center_position": 3552.0,
        "bpb": 1.0397899150848389
      },
      "3584-3648": {
        "center_position": 3616.0,
        "bpb": 1.034886121749878
      },
      "3648-3712": {
        "center_position": 3680.0,
        "bpb": 1.024172306060791
      },
      "3712-3776": {
        "center_position": 3744.0,
        "bpb": 1.0587623119354248
      },
      "3776-3840": {
        "center_position": 3808.0,
        "bpb": 1.0719878673553467
      },
      "3840-3904": {
        "center_position": 3872.0,
        "bpb": 1.0663859844207764
      },
      "3904-3968": {
        "center_position": 3936.0,
        "bpb": 1.0371060371398926
      },
      "3968-4032": {
        "center_position": 4000.0,
        "bpb": 1.0778144598007202
      },
      "4032-4096": {
        "center_position": 4064.0,
        "bpb": 1.0444859266281128
      },
      "4096-4160": {
        "center_position": 4128.0,
        "bpb": 1.0566706657409668
      },
      "4160-4224": {
        "center_position": 4192.0,
        "bpb": 1.0450091361999512
      },
      "4224-4288": {
        "center_position": 4256.0,
        "bpb": 1.0391943454742432
      },
      "4288-4352": {
        "center_position": 4320.0,
        "bpb": 1.0458145141601562
      },
      "4352-4416": {
        "center_position": 4384.0,
        "bpb": 1.0365502834320068
      },
      "4416-4480": {
        "center_position": 4448.0,
        "bpb": 1.0360153913497925
      },
      "4480-4544": {
        "center_position": 4512.0,
        "bpb": 1.0296850204467773
      },
      "4544-4608": {
        "center_position": 4576.0,
        "bpb": 1.0431557893753052
      },
      "4608-4672": {
        "center_position": 4640.0,
        "bpb": 1.0285060405731201
      },
      "4672-4736": {
        "center_position": 4704.0,
        "bpb": 1.024412989616394
      },
      "4736-4800": {
        "center_position": 4768.0,
        "bpb": 1.0188450813293457
      },
      "4800-4864": {
        "center_position": 4832.0,