{
  "mechanism": "baseline",
  "depth": 12,
  "max_seq_len": 8192,
  "window_pattern": "L",
  "seed": 1337,
  "val_bpb": 0.8486630988014533,
  "min_val_bpb": 0.8486630988014533,
  "total_params": 286261730,
  "base_params": 286261730,
  "memory_params": 0,
  "param_overhead_pct": 0.0,
  "total_time_min": 7.528090941905975,
  "peak_vram_mib": 29674.32666015625,
  "flops_per_step": 821336544903168,
  "total_flops": 2069768093155983360,
  "bpb_by_position": {
    "task": "bpb_by_position",
    "num_buckets": 128,
    "sequence_length": 8192,
    "buckets": {
      "0-64": {
        "center_position": 32.0,
        "bpb": 1.3403196334838867
      },
      "64-128": {
        "center_position": 96.0,
        "bpb": 1.159332513809204
      },
      "128-192": {
        "center_position": 160.0,
        "bpb": 1.1099331378936768
      },
      "192-256": {
        "center_position": 224.0,
        "bpb": 1.083594799041748
      },
      "256-320": {
        "center_position": 288.0,
        "bpb": 1.0997180938720703
      },
      "320-384": {
        "center_position": 352.0,
        "bpb": 1.0975372791290283
      },
      "384-448": {
        "center_position": 416.0,
        "bpb": 1.0993778705596924
      },
      "448-512": {
        "center_position": 480.0,
        "bpb": 1.0921273231506348
      },
      "512-576": {
        "center_position": 544.0,
        "bpb": 1.0521695613861084
      },
      "576-640": {
        "center_position": 608.0,
        "bpb": 1.0149754285812378
      },
      "640-704": {
        "center_position": 672.0,
        "bpb": 0.9958885312080383
      },
      "704-768": {
        "center_position": 736.0,
        "bpb": 1.059718370437622
      },
      "768-832": {
        "center_position": 800.0,
        "bpb": 1.1165541410446167
      },
      "832-896": {
        "center_position": 864.0,
        "bpb": 1.1035242080688477
      },
      "896-960": {
        "center_position": 928.0,
        "bpb": 1.1073906421661377
      },
      "960-1024": {
        "center_position": 992.0,
        "bpb": 1.106444001197815
      },
      "1024-1088": {
        "center_position": 1056.0,
        "bpb": 1.1009207963943481
      },
      "1088-1152": {
        "center_position": 1120.0,
        "bpb": 1.0824029445648193
      },
      "1152-1216": {
        "center_position": 1184.0,
        "bpb": 1.073030710220337
      },
      "1216-1280": {
        "center_position": 1248.0,
        "bpb": 1.0388257503509521
      },
      "1280-1344": {
        "center_position": 1312.0,
        "bpb": 1.0295476913452148
      },
      "1344-1408": {
        "center_position": 1376.0,
        "bpb": 1.0269029140472412
      },
      "1408-1472": {
        "center_position": 1440.0,
        "bpb": 1.021052598953247
      },
      "1472-1536": {
        "center_position": 1504.0,
        "bpb": 1.0495283603668213
      },
      "1536-1600": {
        "center_position": 1568.0,
        "bpb": 1.0690255165100098
      },
      "1600-1664": {
        "center_position": 1632.0,
        "bpb": 1.0866761207580566
      },
      "1664-1728": {
        "center_position": 1696.0,
        "bpb": 1.0797100067138672
      },
      "1728-1792": {
        "center_position": 1760.0,
        "bpb": 1.0621283054351807
      },
      "1792-1856": {
        "center_position": 1824.0,
        "bpb": 1.0734868049621582
      },
      "1856-1920": {
        "center_position": 1888.0,
        "bpb": 1.06955087184906
      },
      "1920-1984": {
        "center_position": 1952.0,
        "bpb": 1.0599333047866821
      },
      "1984-2048": {
        "center_position": 2016.0,
        "bpb": 1.035489559173584
      },
      "2048-2112": {
        "center_position": 2080.0,
        "bpb": 1.0525437593460083
      },
      "2112-2176": {
        "center_position": 2144.0,
        "bpb": 1.0555553436279297
      },
      "2176-2240": {
        "center_position": 2208.0,
        "bpb": 1.044146180152893
      },
      "2240-2304": {
        "center_position": 2272.0,
        "bpb": 1.0840427875518799
      },
      "2304-2368": {
        "center_position": 2336.0,
        "bpb": 1.0999943017959595
      },
      "2368-2432": {
        "center_position": 2400.0,
        "bpb": 1.0533339977264404
      },
      "2432-2496": {
        "center_position": 2464.0,
        "bpb": 1.0703470706939697
      },
      "2496-2560": {
        "center_position": 2528.0,
        "bpb": 1.076775074005127
      },
      "2560-2624": {
        "center_position": 2592.0,
        "bpb": 1.0820008516311646
      },
      "2624-2688": {
        "center_position": 2656.0,
        "bpb": 1.0452089309692383
      },
      "2688-2752": {
        "center_position": 2720.0,
        "bpb": 1.1060562133789062
      },
      "2752-2816": {
        "center_position": 2784.0,
        "bpb": 1.0905888080596924
      },
      "2816-2880": {
        "center_position": 2848.0,
        "bpb": 1.0700962543487549
      },
      "2880-2944": {
        "center_position": 2912.0,
        "bpb": 1.0674524307250977
      },
      "2944-3008": {
        "center_position": 2976.0,
        "bpb": 1.0536792278289795
      },
      "3008-3072": {
        "center_position": 3040.0,
        "bpb": 1.0415083169937134
      },
      "3072-3136": {
        "center_position": 3104.0,
        "bpb": 1.0602002143859863
      },
      "3136-3200": {
        "center_position": 3168.0,
        "bpb": 1.0541857481002808
      },
      "3200-3264": {
        "center_position": 3232.0,
        "bpb": 1.0559601783752441
      },
      "3264-3328": {
        "center_position": 3296.0,
        "bpb": 1.0479600429534912
      },
      "3328-3392": {
        "center_position": 3360.0,
        "bpb": 1.0482758283615112
      },
      "3392-3456": {
        "center_position": 3424.0,
        "bpb": 1.0384796857833862
      },
      "3456-3520": {
        "center_position": 3488.0,
        "bpb": 1.0282213687896729
      },
      "3520-3584": {
        "center_position": 3552.0,
        "bpb": 1.0359065532684326
      },
      "3584-3648": {
        "center_position": 3616.0,
        "bpb": 1.0335662364959717
      },
      "3648-3712": {
        "center_position": 3680.0,
        "bpb": 1.0231775045394897
      },
      "3712-3776": {
        "center_position": 3744.0,
        "bpb": 1.059178352355957
      },
      "3776-3840": {
        "center_position": 3808.0,
        "bpb": 1.0719659328460693
      },
      "3840-3904": {
        "center_position": 3872.0,
        "bpb": 1.06699800491333
      },
      "3904-3968": {
        "center_position": 3936.0,
        "bpb": 1.039759874343872
      },
      "3968-4032": {
        "center_position": 4000.0,
        "bpb": 1.0720796585083008
      },
      "4032-4096": {
        "center_position": 4064.0,
        "bpb": 1.0422337055206299
      },
      "4096-4160": {
        "center_position": 4128.0,
        "bpb": 1.0539627075195312
      },
      "4160-4224": {
        "center_position": 4192.0,
        "bpb": 1.042758822441101
      },
      "4224-4288": {
        "center_position": 4256.0,
        "bpb": 1.0405040979385376
      },
      "4288-4352": {
        "center_position": 4320.0,
        "bpb": 1.0486761331558228
      },
      "4352-4416": {
        "center_position": 4384.0,
        "bpb": 1.0378193855285645
      },
      "4416-4480": {
        "center_position": 4448.0,
        "bpb": 1.0346074104309082
      },
      "4480-4544": {
        "center_position": 4512.0,
        "bpb": 1.0315101146697998
      },
      "4544-4608": {
        "center_position": 4576.0,
        "bpb": 1.0385087728500366
      },
      "4608-4672": {
        "center_position": 4640.0,
        "bpb": 1.0299423933029175
      },
      "4672-4736": {
        "center_position": 4704.0,
        "bpb": 1.0216808319091797
      },
      "4736-4800": {
        "center_position": 4768.0,
        "bpb": 1.0131325721740723
      },
      "4800-4864": {
        "center_position": 4832.0,