{
  "mechanism": "baseline",
  "depth": 12,
  "max_seq_len": 4096,
  "window_pattern": "SSSL",
  "seed": 42,
  "val_bpb": 0.8478790404902614,
  "min_val_bpb": 0.8478790404902614,
  "total_params": 286261730,
  "base_params": 286261730,
  "memory_params": 0,
  "param_overhead_pct": 0.0,
  "total_time_min": 5.881771620114645,
  "peak_vram_mib": 29664.29541015625,
  "flops_per_step": 450251370528768,
  "total_flops": 1134633453732495360,
  "bpb_by_position": {
    "task": "bpb_by_position",
    "num_buckets": 64,
    "sequence_length": 4096,
    "buckets": {
      "0-64": {
        "center_position": 32.0,
        "bpb": 1.3503968715667725
      },
      "64-128": {
        "center_position": 96.0,
        "bpb": 1.1318973302841187
      },
      "128-192": {
        "center_position": 160.0,
        "bpb": 1.1206841468811035
      },
      "192-256": {
        "center_position": 224.0,
        "bpb": 1.0863081216812134
      },
      "256-320": {
        "center_position": 288.0,
        "bpb": 1.0988504886627197
      },
      "320-384": {
        "center_position": 352.0,
        "bpb": 1.082066297531128
      },
      "384-448": {
        "center_position": 416.0,
        "bpb": 1.065067172050476
      },
      "448-512": {
        "center_position": 480.0,
        "bpb": 1.0708138942718506
      },
      "512-576": {
        "center_position": 544.0,
        "bpb": 1.0459332466125488
      },
      "576-640": {
        "center_position": 608.0,
        "bpb": 1.0030415058135986
      },
      "640-704": {
        "center_position": 672.0,
        "bpb": 0.9769220352172852
      },
      "704-768": {
        "center_position": 736.0,
        "bpb": 1.0633280277252197
      },
      "768-832": {
        "center_position": 800.0,
        "bpb": 1.104767084121704
      },
      "832-896": {
        "center_position": 864.0,
        "bpb": 1.1006907224655151
      },
      "896-960": {
        "center_position": 928.0,
        "bpb": 1.0775392055511475
      },
      "960-1024": {
        "center_position": 992.0,
        "bpb": 1.0906808376312256
      },
      "1024-1088": {
        "center_position": 1056.0,
        "bpb": 1.0787053108215332
      },
      "1088-1152": {
        "center_position": 1120.0,
        "bpb": 1.0607984066009521
      },
      "1152-1216": {
        "center_position": 1184.0,
        "bpb": 1.0520168542861938
      },
      "1216-1280": {
        "center_position": 1248.0,
        "bpb": 1.027665138244629
      },
      "1280-1344": {
        "center_position": 1312.0,
        "bpb": 1.0191493034362793
      },
      "1344-1408": {
        "center_position": 1376.0,
        "bpb": 1.0075397491455078
      },
      "1408-1472": {
        "center_position": 1440.0,
        "bpb": 1.0498147010803223
      },
      "1472-1536": {
        "center_position": 1504.0,
        "bpb": 1.052885890007019
      },
      "1536-1600": {
        "center_position": 1568.0,
        "bpb": 1.0762501955032349
      },
      "1600-1664": {
        "center_position": 1632.0,
        "bpb": 1.0715560913085938
      },
      "1664-1728": {
        "center_position": 1696.0,
        "bpb": 1.0829036235809326
      },
      "1728-1792": {
        "center_position": 1760.0,
        "bpb": 1.0716784000396729
      },
      "1792-1856": {
        "center_position": 1824.0,
        "bpb": 1.071015477180481
      },
      "1856-1920": {
        "center_position": 1888.0,
        "bpb": 1.0603424310684204
      },
      "1920-1984": {
        "center_position": 1952.0,
        "bpb": 1.0481112003326416
      },
      "1984-2048": {
        "center_position": 2016.0,
        "bpb": 1.0426217317581177
      },
      "2048-2112": {
        "center_position": 2080.0,
        "bpb": 1.0349557399749756
      },
      "2112-2176": {
        "center_position": 2144.0,
        "bpb": 1.04573655128479
      },
      "2176-2240": {
        "center_position": 2208.0,
        "bpb": 1.039250135421753
      },
      "2240-2304": {
        "center_position": 2272.0,
        "bpb": 1.0524779558181763
      },
      "2304-2368": {
        "center_position": 2336.0,
        "bpb": 1.0742008686065674
      },
      "2368-2432": {
        "center_position": 2400.0,
        "bpb": 1.049124002456665
      },
      "2432-2496": {
        "center_position": 2464.0,
        "bpb": 1.0615698099136353
      },
      "2496-2560": {
        "center_position": 2528.0,
        "bpb": 1.0597422122955322
      },
      "2560-2624": {
        "center_position": 2592.0,
        "bpb": 1.0545618534088135
      },
      "2624-2688": {
        "center_position": 2656.0,
        "bpb": 1.0453438758850098
      },
      "2688-2752": {
        "center_position": 2720.0,
        "bpb": 1.0487556457519531
      },
      "2752-2816": {
        "center_position": 2784.0,
        "bpb": 1.0261926651000977
      },
      "2816-2880": {
        "center_position": 2848.0,
        "bpb": 1.0325276851654053
      },
      "2880-2944": {
        "center_position": 2912.0,
        "bpb": 1.0585658550262451
      },
      "2944-3008": {
        "center_position": 2976.0,
        "bpb": 1.0546398162841797
      },
      "3008-3072": {
        "center_position": 3040.0,
        "bpb": 1.0444893836975098
      },
      "3072-3136": {
        "center_position": 3104.0,
        "bpb": 1.0523868799209595
      },
      "3136-3200": {
        "center_position": 3168.0,
        "bpb": 1.061606764793396
      },
      "3200-3264": {
        "center_position": 3232.0,
        "bpb": 1.0592058897018433
      },
      "3264-3328": {
        "center_position": 3296.0,
        "bpb": 1.0599931478500366
      },
      "3328-3392": {
        "center_position": 3360.0,
        "bpb": 1.0486348867416382
      },
      "3392-3456": {
        "center_position": 3424.0,
        "bpb": 1.0522388219833374
      },
      "3456-3520": {
        "center_position": 3488.0,
        "bpb": 1.0390287637710571
      },
      "3520-3584": {
        "center_position": 3552.0,
        "bpb": 1.0454624891281128
      },
      "3584-3648": {
        "center_position": 3616.0,
        "bpb": 1.0732886791229248
      },
      "3648-3712": {
        "center_position": 3680.0,
        "bpb": 1.0483613014221191
      },
      "3712-3776": {
        "center_position": 3744.0,
        "bpb": 1.0632667541503906
      },
      "3776-3840": {
        "center_position": 3808.0,
        "bpb": 1.0568171739578247
      },
      "3840-3904": {
        "center_position": 3872.0,
        "bpb": 1.0720676183700562
      },
      "3904-3968": {
        "center_position": 3936.0,
        "bpb": 1.0902717113494873
      },
      "3968-4032": {
        "center_position": 4000.0,
        "bpb": 1.1069934368133545
      },
      "4032-4096": {
        "center_position": 4064.0,
        "bpb": 1.0046470165252686
      }
    },
    "overall_mean_bpb": 1.063413143157959
  },
  "niah": {
    "context_lengths": [
      256,
      512,
      1024,
      2048
    ],
    "positions": [
      0.1,
      0.25,
      0.5,
      0.75,
      0.9
    ],
    "accuracy": {
      "256": {
        "0.1": 1.0,
        "0.25": 0.98,
        "0.5": 1.0,
        "0.75": 1.0,
        "0.9": 1.0
      },
      "512": {
        "0.1": 1.0,
        "0.25": 1.0,
        "0.5": 1.0,
        "0.75": 1.0,
        "0.9": 1.0
      },
      "1024": {
        "0.1": 1.0,
        "0.25": 1.0,
        "0.5": 1.0,
        "0.75": 1.0,
        "0.9": 1.0
      },
      "2048": {
        "0.1": 1.0,
        "0.25": 1.0,
        "0.5": 1.0,
        "0.75": 1.0,
        "0.9": 1.0
      }
    },
    "overall_accuracy": 0.999
  }
}