{
  "mechanism": "baseline",
  "depth": 12,
  "seed": 1337,
  "val_bpb": 0.8457884933580287,
  "min_val_bpb": 0.8457884933580287,
  "total_params": 286261730,
  "base_params": 286261730,
  "memory_params": 0,
  "param_overhead_pct": 0.0,
  "total_time_min": 5.459882843494415,
  "peak_vram_mib": 29659.27978515625,
  "flops_per_step": 398299446116352,
  "total_flops": 1003714604213207040,
  "bpb_by_position": {
    "task": "bpb_by_position",
    "num_buckets": 32,
    "sequence_length": 2048,
    "buckets": {
      "0-64": {
        "center_position": 32.0,
        "bpb": 1.3034751415252686
      },
      "64-128": {
        "center_position": 96.0,
        "bpb": 1.1086266040802002
      },
      "128-192": {
        "center_position": 160.0,
        "bpb": 1.0866730213165283
      },
      "192-256": {
        "center_position": 224.0,
        "bpb": 1.0821013450622559
      },
      "256-320": {
        "center_position": 288.0,
        "bpb": 1.0872746706008911
      },
      "320-384": {
        "center_position": 352.0,
        "bpb": 1.060776710510254
      },
      "384-448": {
        "center_position": 416.0,
        "bpb": 1.0715789794921875
      },
      "448-512": {
        "center_position": 480.0,
        "bpb": 1.0676299333572388
      },
      "512-576": {
        "center_position": 544.0,
        "bpb": 1.0545001029968262
      },
      "576-640": {
        "center_position": 608.0,
        "bpb": 0.9811642169952393
      },
      "640-704": {
        "center_position": 672.0,
        "bpb": 0.9026057720184326
      },
      "704-768": {
        "center_position": 736.0,
        "bpb": 1.0423331260681152
      },
      "768-832": {
        "center_position": 800.0,
        "bpb": 1.0880796909332275
      },
      "832-896": {
        "center_position": 864.0,
        "bpb": 1.0723304748535156
      },
      "896-960": {
        "center_position": 928.0,
        "bpb": 1.0814549922943115
      },
      "960-1024": {
        "center_position": 992.0,
        "bpb": 1.0731780529022217
      },
      "1024-1088": {
        "center_position": 1056.0,
        "bpb": 1.0789718627929688
      },
      "1088-1152": {
        "center_position": 1120.0,
        "bpb": 1.0673935413360596
      },
      "1152-1216": {
        "center_position": 1184.0,
        "bpb": 1.068814992904663
      },
      "1216-1280": {
        "center_position": 1248.0,
        "bpb": 1.0644972324371338
      },
      "1280-1344": {
        "center_position": 1312.0,
        "bpb": 1.0308842658996582
      },
      "1344-1408": {
        "center_position": 1376.0,
        "bpb": 0.9969133138656616
      },
      "1408-1472": {
        "center_position": 1440.0,
        "bpb": 1.0242736339569092
      },
      "1472-1536": {
        "center_position": 1504.0,
        "bpb": 1.0720492601394653
      },
      "1536-1600": {
        "center_position": 1568.0,
        "bpb": 1.0971744060516357
      },
      "1600-1664": {
        "center_position": 1632.0,
        "bpb": 1.0942224264144897
      },
      "1664-1728": {
        "center_position": 1696.0,
        "bpb": 1.091606616973877
      },
      "1728-1792": {
        "center_position": 1760.0,
        "bpb": 1.0830038785934448
      },
      "1792-1856": {
        "center_position": 1824.0,
        "bpb": 1.071296215057373
      },
      "1856-1920": {
        "center_position": 1888.0,
        "bpb": 1.0619006156921387
      },
      "1920-1984": {
        "center_position": 1952.0,
        "bpb": 1.0401997566223145
      },
      "1984-2048": {
        "center_position": 2016.0,
        "bpb": 0.941387951374054
      }
    },
    "overall_mean_bpb": 1.0640116930007935
  }
}