{
  "mechanism": "baseline",
  "depth": 12,
  "max_seq_len": 4096,
  "window_pattern": "L",
  "seed": 3141,
  "val_bpb": 0.8458989692250404,
  "min_val_bpb": 0.8458989692250404,
  "total_params": 286261730,
  "base_params": 286261730,
  "memory_params": 0,
  "param_overhead_pct": 0.0,
  "total_time_min": 6.332935508092245,
  "peak_vram_mib": 29664.29541015625,
  "flops_per_step": 583842033303552,
  "total_flops": 1471281923924951040,
  "bpb_by_position": {
    "task": "bpb_by_position",
    "num_buckets": 64,
    "sequence_length": 4096,
    "buckets": {
      "0-64": {
        "center_position": 32.0,
        "bpb": 1.349307894706726
      },
      "64-128": {
        "center_position": 96.0,
        "bpb": 1.1311051845550537
      },
      "128-192": {
        "center_position": 160.0,
        "bpb": 1.1212599277496338
      },
      "192-256": {
        "center_position": 224.0,
        "bpb": 1.085496425628662
      },
      "256-320": {
        "center_position": 288.0,
        "bpb": 1.0962891578674316
      },
      "320-384": {
        "center_position": 352.0,
        "bpb": 1.0794281959533691
      },
      "384-448": {
        "center_position": 416.0,
        "bpb": 1.066188097000122
      },
      "448-512": {
        "center_position": 480.0,
        "bpb": 1.0704739093780518
      },
      "512-576": {
        "center_position": 544.0,
        "bpb": 1.043733835220337
      },
      "576-640": {
        "center_position": 608.0,
        "bpb": 1.001376748085022
      },
      "640-704": {
        "center_position": 672.0,
        "bpb": 0.9722086191177368
      },
      "704-768": {
        "center_position": 736.0,
        "bpb": 1.058574914932251
      },
      "768-832": {
        "center_position": 800.0,
        "bpb": 1.104661464691162
      },
      "832-896": {
        "center_position": 864.0,
        "bpb": 1.0959608554840088
      },
      "896-960": {
        "center_position": 928.0,
        "bpb": 1.0738261938095093
      },
      "960-1024": {
        "center_position": 992.0,
        "bpb": 1.0874539613723755
      },
      "1024-1088": {
        "center_position": 1056.0,
        "bpb": 1.0768853425979614
      },
      "1088-1152": {
        "center_position": 1120.0,
        "bpb": 1.0615429878234863
      },
      "1152-1216": {
        "center_position": 1184.0,
        "bpb": 1.0502636432647705
      },
      "1216-1280": {
        "center_position": 1248.0,
        "bpb": 1.0270509719848633
      },
      "1280-1344": {
        "center_position": 1312.0,
        "bpb": 1.0129332542419434
      },
      "1344-1408": {
        "center_position": 1376.0,
        "bpb": 1.0048274993896484
      },
      "1408-1472": {
        "center_position": 1440.0,
        "bpb": 1.0455762147903442
      },
      "1472-1536": {
        "center_position": 1504.0,
        "bpb": 1.0492143630981445
      },
      "1536-1600": {
        "center_position": 1568.0,
        "bpb": 1.069948434829712
      },
      "1600-1664": {
        "center_position": 1632.0,
        "bpb": 1.0694371461868286
      },
      "1664-1728": {
        "center_position": 1696.0,
        "bpb": 1.07942533493042
      },
      "1728-1792": {
        "center_position": 1760.0,
        "bpb": 1.0679570436477661
      },
      "1792-1856": {
        "center_position": 1824.0,
        "bpb": 1.0673956871032715
      },
      "1856-1920": {
        "center_position": 1888.0,
        "bpb": 1.0559173822402954
      },
      "1920-1984": {
        "center_position": 1952.0,
        "bpb": 1.0434699058532715
      },
      "1984-2048": {
        "center_position": 2016.0,
        "bpb": 1.0372633934020996
      },
      "2048-2112": {
        "center_position": 2080.0,
        "bpb": 1.0306377410888672
      },
      "2112-2176": {
        "center_position": 2144.0,
        "bpb": 1.0412259101867676
      },
      "2176-2240": {
        "center_position": 2208.0,
        "bpb": 1.03485107421875
      },
      "2240-2304": {
        "center_position": 2272.0,
        "bpb": 1.0481412410736084
      },
      "2304-2368": {
        "center_position": 2336.0,
        "bpb": 1.0698490142822266
      },
      "2368-2432": {
        "center_position": 2400.0,
        "bpb": 1.0457016229629517
      },
      "2432-2496": {
        "center_position": 2464.0,
        "bpb": 1.0589361190795898
      },
      "2496-2560": {
        "center_position": 2528.0,
        "bpb": 1.0573508739471436
      },
      "2560-2624": {
        "center_position": 2592.0,
        "bpb": 1.0501033067703247
      },
      "2624-2688": {
        "center_position": 2656.0,
        "bpb": 1.0416840314865112
      },
      "2688-2752": {
        "center_position": 2720.0,
        "bpb": 1.0456140041351318
      },
      "2752-2816": {
        "center_position": 2784.0,
        "bpb": 1.021212100982666
      },
      "2816-2880": {
        "center_position": 2848.0,
        "bpb": 1.0264025926589966
      },
      "2880-2944": {
        "center_position": 2912.0,
        "bpb": 1.0558332204818726
      },
      "2944-3008": {
        "center_position": 2976.0,
        "bpb": 1.048462986946106
      },
      "3008-3072": {
        "center_position": 3040.0,
        "bpb": 1.0382030010223389
      },
      "3072-3136": {
        "center_position": 3104.0,
        "bpb": 1.0478863716125488
      },
      "3136-3200": {
        "center_position": 3168.0,
        "bpb": 1.0564409494400024
      },
      "3200-3264": {
        "center_position": 3232.0,
        "bpb": 1.0549956560134888
      },
      "3264-3328": {
        "center_position": 3296.0,
        "bpb": 1.0587310791015625
      },
      "3328-3392": {
        "center_position": 3360.0,
        "bpb": 1.0443270206451416
      },
      "3392-3456": {
        "center_position": 3424.0,
        "bpb": 1.050564169883728
      },
      "3456-3520": {
        "center_position": 3488.0,
        "bpb": 1.0334060192108154
      },
      "3520-3584": {
        "center_position": 3552.0,
        "bpb": 1.0409393310546875
      },
      "3584-3648": {
        "center_position": 3616.0,
        "bpb": 1.0682260990142822
      },
      "3648-3712": {
        "center_position": 3680.0,
        "bpb": 1.0446982383728027
      },
      "3712-3776": {
        "center_position": 3744.0,
        "bpb": 1.0628281831741333
      },
      "3776-3840": {
        "center_position": 3808.0,
        "bpb": 1.0533719062805176
      },
      "3840-3904": {
        "center_position": 3872.0,
        "bpb": 1.068346619606018
      },
      "3904-3968": {
        "center_position": 3936.0,
        "bpb": 1.0873068571090698
      },
      "3968-4032": {
        "center_position": 4000.0,
        "bpb": 1.1023869514465332
      },
      "4032-4096": {
        "center_position": 4064.0,
        "bpb": 0.9985374212265015
      }
    },
    "overall_mean_bpb": 1.0600571632385254
  },
  "niah": {
    "context_lengths": [
      256,
      512,
      1024,
      2048
    ],
    "positions": [
      0.1,
      0.25,
      0.5,
      0.75,
      0.9
    ],
    "accuracy": {
      "256": {
        "0.1": 1.0,
        "0.25": 1.0,
        "0.5": 1.0,
        "0.75": 1.0,
        "0.9": 1.0
      },
      "512": {
        "0.1": 1.0,
        "0.25": 1.0,
        "0.5": 1.0,
        "0.75": 1.0,
        "0.9": 1.0
      },
      "1024": {
        "0.1": 1.0,
        "0.25": 1.0,
        "0.5": 1.0,
        "0.75": 1.0,
        "0.9": 1.0
      },
      "2048": {
        "0.1": 1.0,
        "0.25": 1.0,
        "0.5": 1.0,
        "0.75": 1.0,
        "0.9": 1.0
      }
    },
    "overall_accuracy": 1.0
  }
}