{
  "mechanism": "baseline",
  "depth": 12,
  "max_seq_len": 4096,
  "window_pattern": "L",
  "seed": 42,
  "val_bpb": 0.8474155674986139,
  "min_val_bpb": 0.8474155674986139,
  "total_params": 286261730,
  "base_params": 286261730,
  "memory_params": 0,
  "param_overhead_pct": 0.0,
  "total_time_min": 6.3275527914365135,
  "peak_vram_mib": 29664.29541015625,
  "flops_per_step": 583842033303552,
  "total_flops": 1471281923924951040,
  "bpb_by_position": {
    "task": "bpb_by_position",
    "num_buckets": 64,
    "sequence_length": 4096,
    "buckets": {
      "0-64": {
        "center_position": 32.0,
        "bpb": 1.3536068201065063
      },
      "64-128": {
        "center_position": 96.0,
        "bpb": 1.1324129104614258
      },
      "128-192": {
        "center_position": 160.0,
        "bpb": 1.1207249164581299
      },
      "192-256": {
        "center_position": 224.0,
        "bpb": 1.086370825767517
      },
      "256-320": {
        "center_position": 288.0,
        "bpb": 1.0981887578964233
      },
      "320-384": {
        "center_position": 352.0,
        "bpb": 1.0832476615905762
      },
      "384-448": {
        "center_position": 416.0,
        "bpb": 1.06809663772583
      },
      "448-512": {
        "center_position": 480.0,
        "bpb": 1.0716419219970703
      },
      "512-576": {
        "center_position": 544.0,
        "bpb": 1.0454778671264648
      },
      "576-640": {
        "center_position": 608.0,
        "bpb": 1.0042362213134766
      },
      "640-704": {
        "center_position": 672.0,
        "bpb": 0.9722632169723511
      },
      "704-768": {
        "center_position": 736.0,
        "bpb": 1.0622774362564087
      },
      "768-832": {
        "center_position": 800.0,
        "bpb": 1.1041831970214844
      },
      "832-896": {
        "center_position": 864.0,
        "bpb": 1.1016778945922852
      },
      "896-960": {
        "center_position": 928.0,
        "bpb": 1.0751924514770508
      },
      "960-1024": {
        "center_position": 992.0,
        "bpb": 1.0889722108840942
      },
      "1024-1088": {
        "center_position": 1056.0,
        "bpb": 1.0813710689544678
      },
      "1088-1152": {
        "center_position": 1120.0,
        "bpb": 1.0623401403427124
      },
      "1152-1216": {
        "center_position": 1184.0,
        "bpb": 1.0538212060928345
      },
      "1216-1280": {
        "center_position": 1248.0,
        "bpb": 1.030210018157959
      },
      "1280-1344": {
        "center_position": 1312.0,
        "bpb": 1.0178014039993286
      },
      "1344-1408": {
        "center_position": 1376.0,
        "bpb": 1.00726318359375
      },
      "1408-1472": {
        "center_position": 1440.0,
        "bpb": 1.050140619277954
      },
      "1472-1536": {
        "center_position": 1504.0,
        "bpb": 1.052940011024475
      },
      "1536-1600": {
        "center_position": 1568.0,
        "bpb": 1.0739132165908813
      },
      "1600-1664": {
        "center_position": 1632.0,
        "bpb": 1.072007179260254
      },
      "1664-1728": {
        "center_position": 1696.0,
        "bpb": 1.0842299461364746
      },
      "1728-1792": {
        "center_position": 1760.0,
        "bpb": 1.0721503496170044
      },
      "1792-1856": {
        "center_position": 1824.0,
        "bpb": 1.0724780559539795
      },
      "1856-1920": {
        "center_position": 1888.0,
        "bpb": 1.0582287311553955
      },
      "1920-1984": {
        "center_position": 1952.0,
        "bpb": 1.0479058027267456
      },
      "1984-2048": {
        "center_position": 2016.0,
        "bpb": 1.0413715839385986
      },
      "2048-2112": {
        "center_position": 2080.0,
        "bpb": 1.0345399379730225
      },
      "2112-2176": {
        "center_position": 2144.0,
        "bpb": 1.0473756790161133
      },
      "2176-2240": {
        "center_position": 2208.0,
        "bpb": 1.0381131172180176
      },
      "2240-2304": {
        "center_position": 2272.0,
        "bpb": 1.0517244338989258
      },
      "2304-2368": {
        "center_position": 2336.0,
        "bpb": 1.0726044178009033
      },
      "2368-2432": {
        "center_position": 2400.0,
        "bpb": 1.0492326021194458
      },
      "2432-2496": {
        "center_position": 2464.0,
        "bpb": 1.0587072372436523
      },
      "2496-2560": {
        "center_position": 2528.0,
        "bpb": 1.0597041845321655
      },
      "2560-2624": {
        "center_position": 2592.0,
        "bpb": 1.053254246711731
      },
      "2624-2688": {
        "center_position": 2656.0,
        "bpb": 1.0452299118041992
      },
      "2688-2752": {
        "center_position": 2720.0,
        "bpb": 1.0467554330825806
      },
      "2752-2816": {
        "center_position": 2784.0,
        "bpb": 1.0236856937408447
      },
      "2816-2880": {
        "center_position": 2848.0,
        "bpb": 1.0284390449523926
      },
      "2880-2944": {
        "center_position": 2912.0,
        "bpb": 1.0593361854553223
      },
      "2944-3008": {
        "center_position": 2976.0,
        "bpb": 1.052870273590088
      },
      "3008-3072": {
        "center_position": 3040.0,
        "bpb": 1.0460891723632812
      },
      "3072-3136": {
        "center_position": 3104.0,
        "bpb": 1.0529462099075317
      },
      "3136-3200": {
        "center_position": 3168.0,
        "bpb": 1.0609180927276611
      },
      "3200-3264": {
        "center_position": 3232.0,
        "bpb": 1.0597882270812988
      },
      "3264-3328": {
        "center_position": 3296.0,
        "bpb": 1.061194896697998
      },
      "3328-3392": {
        "center_position": 3360.0,
        "bpb": 1.0486112833023071
      },
      "3392-3456": {
        "center_position": 3424.0,
        "bpb": 1.0540308952331543
      },
      "3456-3520": {
        "center_position": 3488.0,
        "bpb": 1.0386329889297485
      },
      "3520-3584": {
        "center_position": 3552.0,
        "bpb": 1.0438050031661987
      },
      "3584-3648": {
        "center_position": 3616.0,
        "bpb": 1.0751595497131348
      },
      "3648-3712": {
        "center_position": 3680.0,
        "bpb": 1.0473576784133911
      },
      "3712-3776": {
        "center_position": 3744.0,
        "bpb": 1.0621252059936523
      },
      "3776-3840": {
        "center_position": 3808.0,
        "bpb": 1.0567305088043213
      },
      "3840-3904": {
        "center_position": 3872.0,
        "bpb": 1.0712254047393799
      },
      "3904-3968": {
        "center_position": 3936.0,
        "bpb": 1.091116189956665
      },
      "3968-4032": {
        "center_position": 4000.0,
        "bpb": 1.1071048974990845
      },
      "4032-4096": {
        "center_position": 4064.0,
        "bpb": 1.0022454261779785
      }
    },
    "overall_mean_bpb": 1.0632405281066895
  },
  "niah": {
    "context_lengths": [
      256,
      512,
      1024,
      2048
    ],
    "positions": [
      0.1,
      0.25,
      0.5,
      0.75,
      0.9
    ],
    "accuracy": {
      "256": {
        "0.1": 1.0,
        "0.25": 1.0,
        "0.5": 1.0,
        "0.75": 1.0,
        "0.9": 1.0
      },
      "512": {
        "0.1": 1.0,
        "0.25": 1.0,
        "0.5": 1.0,
        "0.75": 1.0,
        "0.9": 1.0
      },
      "1024": {
        "0.1": 1.0,
        "0.25": 1.0,
        "0.5": 1.0,
        "0.75": 1.0,
        "0.9": 1.0
      },
      "2048": {
        "0.1": 1.0,
        "0.25": 1.0,
        "0.5": 1.0,
        "0.75": 1.0,
        "0.9": 1.0
      }
    },
    "overall_accuracy": 1.0
  }
}