{
  "mechanism": "baseline",
  "depth": 12,
  "max_seq_len": 8192,
  "window_pattern": "L",
  "seed": 3141,
  "val_bpb": 0.8480323616380931,
  "min_val_bpb": 0.8480323616380931,
  "total_params": 286261730,
  "base_params": 286261730,
  "memory_params": 0,
  "param_overhead_pct": 0.0,
  "total_time_min": 7.528958956400554,
  "peak_vram_mib": 29674.32666015625,
  "flops_per_step": 821336544903168,
  "total_flops": 2069768093155983360,
  "bpb_by_position": {
    "task": "bpb_by_position",
    "num_buckets": 128,
    "sequence_length": 8192,
    "buckets": {
      "0-64": {
        "center_position": 32.0,
        "bpb": 1.3416357040405273
      },
      "64-128": {
        "center_position": 96.0,
        "bpb": 1.1568033695220947
      },
      "128-192": {
        "center_position": 160.0,
        "bpb": 1.1131411790847778
      },
      "192-256": {
        "center_position": 224.0,
        "bpb": 1.079040765762329
      },
      "256-320": {
        "center_position": 288.0,
        "bpb": 1.1003501415252686
      },
      "320-384": {
        "center_position": 352.0,
        "bpb": 1.0996652841567993
      },
      "384-448": {
        "center_position": 416.0,
        "bpb": 1.096741795539856
      },
      "448-512": {
        "center_position": 480.0,
        "bpb": 1.090023159980774
      },
      "512-576": {
        "center_position": 544.0,
        "bpb": 1.0513410568237305
      },
      "576-640": {
        "center_position": 608.0,
        "bpb": 1.0137994289398193
      },
      "640-704": {
        "center_position": 672.0,
        "bpb": 0.9917851686477661
      },
      "704-768": {
        "center_position": 736.0,
        "bpb": 1.0549980401992798
      },
      "768-832": {
        "center_position": 800.0,
        "bpb": 1.1180375814437866
      },
      "832-896": {
        "center_position": 864.0,
        "bpb": 1.1042418479919434
      },
      "896-960": {
        "center_position": 928.0,
        "bpb": 1.1035908460617065
      },
      "960-1024": {
        "center_position": 992.0,
        "bpb": 1.1061065196990967
      },
      "1024-1088": {
        "center_position": 1056.0,
        "bpb": 1.1042795181274414
      },
      "1088-1152": {
        "center_position": 1120.0,
        "bpb": 1.0813074111938477
      },
      "1152-1216": {
        "center_position": 1184.0,
        "bpb": 1.072192668914795
      },
      "1216-1280": {
        "center_position": 1248.0,
        "bpb": 1.039320945739746
      },
      "1280-1344": {
        "center_position": 1312.0,
        "bpb": 1.0245330333709717
      },
      "1344-1408": {
        "center_position": 1376.0,
        "bpb": 1.0239468812942505
      },
      "1408-1472": {
        "center_position": 1440.0,
        "bpb": 1.0211838483810425
      },
      "1472-1536": {
        "center_position": 1504.0,
        "bpb": 1.0460433959960938
      },
      "1536-1600": {
        "center_position": 1568.0,
        "bpb": 1.0658445358276367
      },
      "1600-1664": {
        "center_position": 1632.0,
        "bpb": 1.0853002071380615
      },
      "1664-1728": {
        "center_position": 1696.0,
        "bpb": 1.0842704772949219
      },
      "1728-1792": {
        "center_position": 1760.0,
        "bpb": 1.058692455291748
      },
      "1792-1856": {
        "center_position": 1824.0,
        "bpb": 1.0687217712402344
      },
      "1856-1920": {
        "center_position": 1888.0,
        "bpb": 1.0670998096466064
      },
      "1920-1984": {
        "center_position": 1952.0,
        "bpb": 1.0553218126296997
      },
      "1984-2048": {
        "center_position": 2016.0,
        "bpb": 1.035368800163269
      },
      "2048-2112": {
        "center_position": 2080.0,
        "bpb": 1.0475746393203735
      },
      "2112-2176": {
        "center_position": 2144.0,
        "bpb": 1.0505759716033936
      },
      "2176-2240": {
        "center_position": 2208.0,
        "bpb": 1.0403831005096436
      },
      "2240-2304": {
        "center_position": 2272.0,
        "bpb": 1.078416109085083
      },
      "2304-2368": {
        "center_position": 2336.0,
        "bpb": 1.1002616882324219
      },
      "2368-2432": {
        "center_position": 2400.0,
        "bpb": 1.0537971258163452
      },
      "2432-2496": {
        "center_position": 2464.0,
        "bpb": 1.0701967477798462
      },
      "2496-2560": {
        "center_position": 2528.0,
        "bpb": 1.0768461227416992
      },
      "2560-2624": {
        "center_position": 2592.0,
        "bpb": 1.076559066772461
      },
      "2624-2688": {
        "center_position": 2656.0,
        "bpb": 1.046491026878357
      },
      "2688-2752": {
        "center_position": 2720.0,
        "bpb": 1.1078755855560303
      },
      "2752-2816": {
        "center_position": 2784.0,
        "bpb": 1.091540813446045
      },
      "2816-2880": {
        "center_position": 2848.0,
        "bpb": 1.0697922706604004
      },
      "2880-2944": {
        "center_position": 2912.0,
        "bpb": 1.0681936740875244
      },
      "2944-3008": {
        "center_position": 2976.0,
        "bpb": 1.0515813827514648
      },
      "3008-3072": {
        "center_position": 3040.0,
        "bpb": 1.0412026643753052
      },
      "3072-3136": {
        "center_position": 3104.0,
        "bpb": 1.0566983222961426
      },
      "3136-3200": {
        "center_position": 3168.0,
        "bpb": 1.0555567741394043
      },
      "3200-3264": {
        "center_position": 3232.0,
        "bpb": 1.0557454824447632
      },
      "3264-3328": {
        "center_position": 3296.0,
        "bpb": 1.0516622066497803
      },
      "3328-3392": {
        "center_position": 3360.0,
        "bpb": 1.0485907793045044
      },
      "3392-3456": {
        "center_position": 3424.0,
        "bpb": 1.0386954545974731
      },
      "3456-3520": {
        "center_position": 3488.0,
        "bpb": 1.0269012451171875
      },
      "3520-3584": {
        "center_position": 3552.0,
        "bpb": 1.0366989374160767
      },
      "3584-3648": {
        "center_position": 3616.0,
        "bpb": 1.0335760116577148
      },
      "3648-3712": {
        "center_position": 3680.0,
        "bpb": 1.0217704772949219
      },
      "3712-3776": {
        "center_position": 3744.0,
        "bpb": 1.0597847700119019
      },
      "3776-3840": {
        "center_position": 3808.0,
        "bpb": 1.0728726387023926
      },
      "3840-3904": {
        "center_position": 3872.0,
        "bpb": 1.0678911209106445
      },
      "3904-3968": {
        "center_position": 3936.0,
        "bpb": 1.0413994789123535
      },
      "3968-4032": {
        "center_position": 4000.0,
        "bpb": 1.0734968185424805
      },
      "4032-4096": {
        "center_position": 4064.0,
        "bpb": 1.043225884437561
      },
      "4096-4160": {
        "center_position": 4128.0,
        "bpb": 1.0524966716766357
      },
      "4160-4224": {
        "center_position": 4192.0,
        "bpb": 1.0438333749771118
      },
      "4224-4288": {
        "center_position": 4256.0,
        "bpb": 1.03388249874115
      },
      "4288-4352": {
        "center_position": 4320.0,
        "bpb": 1.0474700927734375
      },
      "4352-4416": {
        "center_position": 4384.0,
        "bpb": 1.0342212915420532
      },
      "4416-4480": {
        "center_position": 4448.0,
        "bpb": 1.032136082649231
      },
      "4480-4544": {
        "center_position": 4512.0,
        "bpb": 1.0321305990219116
      },
      "4544-4608": {
        "center_position": 4576.0,
        "bpb": 1.0357130765914917
      },
      "4608-4672": {
        "center_position": 4640.0,
        "bpb": 1.0297489166259766
      },
      "4672-4736": {
        "center_position": 4704.0,
        "bpb": 1.0217673778533936
      },
      "4736-4800": {
        "center_position": 4768.0,
        "bpb": 1.0143476724624634
      },
      "4800-4864": {
        "center_position": 4832.0,