{
  "mechanism": "baseline",
  "depth": 12,
  "max_seq_len": 8192,
  "window_pattern": "SSSL",
  "seed": 42,
  "val_bpb": 0.8496029590461716,
  "min_val_bpb": 0.8496029590461716,
  "total_params": 286261730,
  "base_params": 286261730,
  "memory_params": 0,
  "param_overhead_pct": 0.0,
  "total_time_min": 6.561002437273661,
  "peak_vram_mib": 29674.32666015625,
  "flops_per_step": 554155219353600,
  "total_flops": 1396471152771072000,
  "bpb_by_position": {
    "task": "bpb_by_position",
    "num_buckets": 128,
    "sequence_length": 8192,
    "buckets": {
      "0-64": {
        "center_position": 32.0,
        "bpb": 1.3394947052001953
      },
      "64-128": {
        "center_position": 96.0,
        "bpb": 1.1570537090301514
      },
      "128-192": {
        "center_position": 160.0,
        "bpb": 1.1109434366226196
      },
      "192-256": {
        "center_position": 224.0,
        "bpb": 1.0824220180511475
      },
      "256-320": {
        "center_position": 288.0,
        "bpb": 1.1003093719482422
      },
      "320-384": {
        "center_position": 352.0,
        "bpb": 1.099791407585144
      },
      "384-448": {
        "center_position": 416.0,
        "bpb": 1.094223141670227
      },
      "448-512": {
        "center_position": 480.0,
        "bpb": 1.0916364192962646
      },
      "512-576": {
        "center_position": 544.0,
        "bpb": 1.0519770383834839
      },
      "576-640": {
        "center_position": 608.0,
        "bpb": 1.0161466598510742
      },
      "640-704": {
        "center_position": 672.0,
        "bpb": 0.9956246018409729
      },
      "704-768": {
        "center_position": 736.0,
        "bpb": 1.0637198686599731
      },
      "768-832": {
        "center_position": 800.0,
        "bpb": 1.1195156574249268
      },
      "832-896": {
        "center_position": 864.0,
        "bpb": 1.1079117059707642
      },
      "896-960": {
        "center_position": 928.0,
        "bpb": 1.1098945140838623
      },
      "960-1024": {
        "center_position": 992.0,
        "bpb": 1.1078782081604004
      },
      "1024-1088": {
        "center_position": 1056.0,
        "bpb": 1.1012237071990967
      },
      "1088-1152": {
        "center_position": 1120.0,
        "bpb": 1.0859980583190918
      },
      "1152-1216": {
        "center_position": 1184.0,
        "bpb": 1.0741442441940308
      },
      "1216-1280": {
        "center_position": 1248.0,
        "bpb": 1.0395183563232422
      },
      "1280-1344": {
        "center_position": 1312.0,
        "bpb": 1.033085823059082
      },
      "1344-1408": {
        "center_position": 1376.0,
        "bpb": 1.0227190256118774
      },
      "1408-1472": {
        "center_position": 1440.0,
        "bpb": 1.0242862701416016
      },
      "1472-1536": {
        "center_position": 1504.0,
        "bpb": 1.052634596824646
      },
      "1536-1600": {
        "center_position": 1568.0,
        "bpb": 1.0660359859466553
      },
      "1600-1664": {
        "center_position": 1632.0,
        "bpb": 1.0888824462890625
      },
      "1664-1728": {
        "center_position": 1696.0,
        "bpb": 1.0822829008102417
      },
      "1728-1792": {
        "center_position": 1760.0,
        "bpb": 1.0640654563903809
      },
      "1792-1856": {
        "center_position": 1824.0,
        "bpb": 1.0756666660308838
      },
      "1856-1920": {
        "center_position": 1888.0,
        "bpb": 1.0681772232055664
      },
      "1920-1984": {
        "center_position": 1952.0,
        "bpb": 1.0607185363769531
      },
      "1984-2048": {
        "center_position": 2016.0,
        "bpb": 1.0363136529922485
      },
      "2048-2112": {
        "center_position": 2080.0,
        "bpb": 1.0535120964050293
      },
      "2112-2176": {
        "center_position": 2144.0,
        "bpb": 1.0539345741271973
      },
      "2176-2240": {
        "center_position": 2208.0,
        "bpb": 1.0464401245117188
      },
      "2240-2304": {
        "center_position": 2272.0,
        "bpb": 1.0863922834396362
      },
      "2304-2368": {
        "center_position": 2336.0,
        "bpb": 1.099679946899414
      },
      "2368-2432": {
        "center_position": 2400.0,
        "bpb": 1.0580968856811523
      },
      "2432-2496": {
        "center_position": 2464.0,
        "bpb": 1.0738216638565063
      },
      "2496-2560": {
        "center_position": 2528.0,
        "bpb": 1.0797834396362305
      },
      "2560-2624": {
        "center_position": 2592.0,
        "bpb": 1.0817385911941528
      },
      "2624-2688": {
        "center_position": 2656.0,
        "bpb": 1.0488486289978027
      },
      "2688-2752": {
        "center_position": 2720.0,
        "bpb": 1.108954668045044
      },
      "2752-2816": {
        "center_position": 2784.0,
        "bpb": 1.0938405990600586
      },
      "2816-2880": {
        "center_position": 2848.0,
        "bpb": 1.071952223777771
      },
      "2880-2944": {
        "center_position": 2912.0,
        "bpb": 1.0719152688980103
      },
      "2944-3008": {
        "center_position": 2976.0,
        "bpb": 1.0560780763626099
      },
      "3008-3072": {
        "center_position": 3040.0,
        "bpb": 1.0494015216827393
      },
      "3072-3136": {
        "center_position": 3104.0,
        "bpb": 1.0608247518539429
      },
      "3136-3200": {
        "center_position": 3168.0,
        "bpb": 1.0588611364364624
      },
      "3200-3264": {
        "center_position": 3232.0,
        "bpb": 1.0594558715820312
      },
      "3264-3328": {
        "center_position": 3296.0,
        "bpb": 1.0534141063690186
      },
      "3328-3392": {
        "center_position": 3360.0,
        "bpb": 1.0530200004577637
      },
      "3392-3456": {
        "center_position": 3424.0,
        "bpb": 1.040740966796875
      },
      "3456-3520": {
        "center_position": 3488.0,
        "bpb": 1.0273115634918213
      },
      "3520-3584": {
        "center_position": 3552.0,
        "bpb": 1.0385446548461914
      },
      "3584-3648": {
        "center_position": 3616.0,
        "bpb": 1.0357189178466797
      },
      "3648-3712": {
        "center_position": 3680.0,
        "bpb": 1.026489019393921
      },
      "3712-3776": {
        "center_position": 3744.0,
        "bpb": 1.062048316001892
      },
      "3776-3840": {
        "center_position": 3808.0,
        "bpb": 1.0726399421691895
      },
      "3840-3904": {
        "center_position": 3872.0,
        "bpb": 1.0689418315887451
      },
      "3904-3968": {
        "center_position": 3936.0,
        "bpb": 1.043759822845459
      },
      "3968-4032": {
        "center_position": 4000.0,
        "bpb": 1.073366641998291
      },
      "4032-4096": {
        "center_position": 4064.0,
        "bpb": 1.0475468635559082
      },
      "4096-4160": {
        "center_position": 4128.0,
        "bpb": 1.0564833879470825
      },
      "4160-4224": {
        "center_position": 4192.0,
        "bpb": 1.0454747676849365
      },
      "4224-4288": {
        "center_position": 4256.0,
        "bpb": 1.0346776247024536
      },
      "4288-4352": {
        "center_position": 4320.0,
        "bpb": 1.0474358797073364
      },
      "4352-4416": {
        "center_position": 4384.0,
        "bpb": 1.037630319595337
      },
      "4416-4480": {
        "center_position": 4448.0,
        "bpb": 1.0355000495910645
      },
      "4480-4544": {
        "center_position": 4512.0,
        "bpb": 1.0352694988250732
      },
      "4544-4608": {
        "center_position": 4576.0,
        "bpb": 1.0410971641540527
      },
      "4608-4672": {
        "center_position": 4640.0,
        "bpb": 1.0312426090240479
      },
      "4672-4736": {
        "center_position": 4704.0,
        "bpb": 1.0242525339126587
      },
      "4736-4800": {
        "center_position": 4768.0,
        "bpb": 1.0200612545013428
      },
      "4800-4864": {
        "center_position": 4832.0,