{
  "mechanism": "baseline",
  "depth": 12,
  "max_seq_len": 4096,
  "window_pattern": "SSSL",
  "seed": 3141,
  "val_bpb": 0.8472141816097093,
  "min_val_bpb": 0.8472141816097093,
  "total_params": 286261730,
  "base_params": 286261730,
  "memory_params": 0,
  "param_overhead_pct": 0.0,
  "total_time_min": 5.881262469291687,
  "peak_vram_mib": 29664.29541015625,
  "flops_per_step": 450251370528768,
  "total_flops": 1134633453732495360,
  "bpb_by_position": {
    "task": "bpb_by_position",
    "num_buckets": 64,
    "sequence_length": 4096,
    "buckets": {
      "0-64": {
        "center_position": 32.0,
        "bpb": 1.3493109941482544
      },
      "64-128": {
        "center_position": 96.0,
        "bpb": 1.1307905912399292
      },
      "128-192": {
        "center_position": 160.0,
        "bpb": 1.120409607887268
      },
      "192-256": {
        "center_position": 224.0,
        "bpb": 1.089414119720459
      },
      "256-320": {
        "center_position": 288.0,
        "bpb": 1.095468282699585
      },
      "320-384": {
        "center_position": 352.0,
        "bpb": 1.0787618160247803
      },
      "384-448": {
        "center_position": 416.0,
        "bpb": 1.0657237768173218
      },
      "448-512": {
        "center_position": 480.0,
        "bpb": 1.0717048645019531
      },
      "512-576": {
        "center_position": 544.0,
        "bpb": 1.0436795949935913
      },
      "576-640": {
        "center_position": 608.0,
        "bpb": 1.001916527748108
      },
      "640-704": {
        "center_position": 672.0,
        "bpb": 0.9746549129486084
      },
      "704-768": {
        "center_position": 736.0,
        "bpb": 1.0609385967254639
      },
      "768-832": {
        "center_position": 800.0,
        "bpb": 1.1029384136199951
      },
      "832-896": {
        "center_position": 864.0,
        "bpb": 1.098240852355957
      },
      "896-960": {
        "center_position": 928.0,
        "bpb": 1.074257254600525
      },
      "960-1024": {
        "center_position": 992.0,
        "bpb": 1.0878655910491943
      },
      "1024-1088": {
        "center_position": 1056.0,
        "bpb": 1.0787737369537354
      },
      "1088-1152": {
        "center_position": 1120.0,
        "bpb": 1.0613276958465576
      },
      "1152-1216": {
        "center_position": 1184.0,
        "bpb": 1.0552222728729248
      },
      "1216-1280": {
        "center_position": 1248.0,
        "bpb": 1.0296587944030762
      },
      "1280-1344": {
        "center_position": 1312.0,
        "bpb": 1.0182743072509766
      },
      "1344-1408": {
        "center_position": 1376.0,
        "bpb": 1.0058436393737793
      },
      "1408-1472": {
        "center_position": 1440.0,
        "bpb": 1.0484588146209717
      },
      "1472-1536": {
        "center_position": 1504.0,
        "bpb": 1.050784945487976
      },
      "1536-1600": {
        "center_position": 1568.0,
        "bpb": 1.0740307569503784
      },
      "1600-1664": {
        "center_position": 1632.0,
        "bpb": 1.0715168714523315
      },
      "1664-1728": {
        "center_position": 1696.0,
        "bpb": 1.081385612487793
      },
      "1728-1792": {
        "center_position": 1760.0,
        "bpb": 1.0708038806915283
      },
      "1792-1856": {
        "center_position": 1824.0,
        "bpb": 1.0706167221069336
      },
      "1856-1920": {
        "center_position": 1888.0,
        "bpb": 1.0565835237503052
      },
      "1920-1984": {
        "center_position": 1952.0,
        "bpb": 1.0461182594299316
      },
      "1984-2048": {
        "center_position": 2016.0,
        "bpb": 1.0393667221069336
      },
      "2048-2112": {
        "center_position": 2080.0,
        "bpb": 1.030113697052002
      },
      "2112-2176": {
        "center_position": 2144.0,
        "bpb": 1.0445985794067383
      },
      "2176-2240": {
        "center_position": 2208.0,
        "bpb": 1.0362887382507324
      },
      "2240-2304": {
        "center_position": 2272.0,
        "bpb": 1.050191879272461
      },
      "2304-2368": {
        "center_position": 2336.0,
        "bpb": 1.073712944984436
      },
      "2368-2432": {
        "center_position": 2400.0,
        "bpb": 1.0460383892059326
      },
      "2432-2496": {
        "center_position": 2464.0,
        "bpb": 1.0599969625473022
      },
      "2496-2560": {
        "center_position": 2528.0,
        "bpb": 1.057455062866211
      },
      "2560-2624": {
        "center_position": 2592.0,
        "bpb": 1.049107551574707
      },
      "2624-2688": {
        "center_position": 2656.0,
        "bpb": 1.0418980121612549
      },
      "2688-2752": {
        "center_position": 2720.0,
        "bpb": 1.0467290878295898
      },
      "2752-2816": {
        "center_position": 2784.0,
        "bpb": 1.0245378017425537
      },
      "2816-2880": {
        "center_position": 2848.0,
        "bpb": 1.028892993927002
      },
      "2880-2944": {
        "center_position": 2912.0,
        "bpb": 1.0576242208480835
      },
      "2944-3008": {
        "center_position": 2976.0,
        "bpb": 1.0506322383880615
      },
      "3008-3072": {
        "center_position": 3040.0,
        "bpb": 1.0417170524597168
      },
      "3072-3136": {
        "center_position": 3104.0,
        "bpb": 1.0497440099716187
      },
      "3136-3200": {
        "center_position": 3168.0,
        "bpb": 1.0613806247711182
      },
      "3200-3264": {
        "center_position": 3232.0,
        "bpb": 1.0568974018096924
      },
      "3264-3328": {
        "center_position": 3296.0,
        "bpb": 1.0591554641723633
      },
      "3328-3392": {
        "center_position": 3360.0,
        "bpb": 1.0462232828140259
      },
      "3392-3456": {
        "center_position": 3424.0,
        "bpb": 1.0512964725494385
      },
      "3456-3520": {
        "center_position": 3488.0,
        "bpb": 1.0343676805496216
      },
      "3520-3584": {
        "center_position": 3552.0,
        "bpb": 1.0416195392608643
      },
      "3584-3648": {
        "center_position": 3616.0,
        "bpb": 1.0716960430145264
      },
      "3648-3712": {
        "center_position": 3680.0,
        "bpb": 1.04463791847229
      },
      "3712-3776": {
        "center_position": 3744.0,
        "bpb": 1.0653265714645386
      },
      "3776-3840": {
        "center_position": 3808.0,
        "bpb": 1.0584971904754639
      },
      "3840-3904": {
        "center_position": 3872.0,
        "bpb": 1.070223331451416
      },
      "3904-3968": {
        "center_position": 3936.0,
        "bpb": 1.0880390405654907
      },
      "3968-4032": {
        "center_position": 4000.0,
        "bpb": 1.1050269603729248
      },
      "4032-4096": {
        "center_position": 4064.0,
        "bpb": 0.9996274709701538
      }
    },
    "overall_mean_bpb": 1.0616896152496338
  },
  "niah": {
    "context_lengths": [
      256,
      512,
      1024,
      2048
    ],
    "positions": [
      0.1,
      0.25,
      0.5,
      0.75,
      0.9
    ],
    "accuracy": {
      "256": {
        "0.1": 1.0,
        "0.25": 1.0,
        "0.5": 1.0,
        "0.75": 1.0,
        "0.9": 1.0
      },
      "512": {
        "0.1": 1.0,
        "0.25": 1.0,
        "0.5": 1.0,
        "0.75": 1.0,
        "0.9": 1.0
      },
      "1024": {
        "0.1": 1.0,
        "0.25": 1.0,
        "0.5": 1.0,
        "0.75": 1.0,
        "0.9": 1.0
      },
      "2048": {
        "0.1": 1.0,
        "0.25": 1.0,
        "0.5": 1.0,
        "0.75": 1.0,
        "0.9": 1.0
      }
    },
    "overall_accuracy": 1.0
  }
}