{
  "mechanism": "baseline",
  "depth": 12,
  "max_seq_len": 2048,
  "window_pattern": "L",
  "seed": 1337,
  "val_bpb": 0.8453584921837962,
  "min_val_bpb": 0.8453584921837962,
  "total_params": 286261730,
  "base_params": 286261730,
  "memory_params": 0,
  "param_overhead_pct": 0.0,
  "total_time_min": 5.773623581727346,
  "peak_vram_mib": 29659.27978515625,
  "flops_per_step": 465094777503744,
  "total_flops": 1172038839309434880,
  "bpb_by_position": {
    "task": "bpb_by_position",
    "num_buckets": 32,
    "sequence_length": 2048,
    "buckets": {
      "0-64": {
        "center_position": 32.0,
        "bpb": 1.3096163272857666
      },
      "64-128": {
        "center_position": 96.0,
        "bpb": 1.1098268032073975
      },
      "128-192": {
        "center_position": 160.0,
        "bpb": 1.0894241333007812
      },
      "192-256": {
        "center_position": 224.0,
        "bpb": 1.072432279586792
      },
      "256-320": {
        "center_position": 288.0,
        "bpb": 1.0754474401474
      },
      "320-384": {
        "center_position": 352.0,
        "bpb": 1.0610175132751465
      },
      "384-448": {
        "center_position": 416.0,
        "bpb": 1.064411997795105
      },
      "448-512": {
        "center_position": 480.0,
        "bpb": 1.0677073001861572
      },
      "512-576": {
        "center_position": 544.0,
        "bpb": 1.0466158390045166
      },
      "576-640": {
        "center_position": 608.0,
        "bpb": 0.983173131942749
      },
      "640-704": {
        "center_position": 672.0,
        "bpb": 0.9117628335952759
      },
      "704-768": {
        "center_position": 736.0,
        "bpb": 1.0547780990600586
      },
      "768-832": {
        "center_position": 800.0,
        "bpb": 1.1045129299163818
      },
      "832-896": {
        "center_position": 864.0,
        "bpb": 1.0930614471435547
      },
      "896-960": {
        "center_position": 928.0,
        "bpb": 1.0829781293869019
      },
      "960-1024": {
        "center_position": 992.0,
        "bpb": 1.0877106189727783
      },
      "1024-1088": {
        "center_position": 1056.0,
        "bpb": 1.089176893234253
      },
      "1088-1152": {
        "center_position": 1120.0,
        "bpb": 1.0753376483917236
      },
      "1152-1216": {
        "center_position": 1184.0,
        "bpb": 1.087135672569275
      },
      "1216-1280": {
        "center_position": 1248.0,
        "bpb": 1.0688010454177856
      },
      "1280-1344": {
        "center_position": 1312.0,
        "bpb": 1.0256311893463135
      },
      "1344-1408": {
        "center_position": 1376.0,
        "bpb": 0.9911038875579834
      },
      "1408-1472": {
        "center_position": 1440.0,
        "bpb": 1.020633339881897
      },
      "1472-1536": {
        "center_position": 1504.0,
        "bpb": 1.055473804473877
      },
      "1536-1600": {
        "center_position": 1568.0,
        "bpb": 1.0856120586395264
      },
      "1600-1664": {
        "center_position": 1632.0,
        "bpb": 1.0826869010925293
      },
      "1664-1728": {
        "center_position": 1696.0,
        "bpb": 1.0800368785858154
      },
      "1728-1792": {
        "center_position": 1760.0,
        "bpb": 1.0671006441116333
      },
      "1792-1856": {
        "center_position": 1824.0,
        "bpb": 1.074967861175537
      },
      "1856-1920": {
        "center_position": 1888.0,
        "bpb": 1.059977412223816
      },
      "1920-1984": {
        "center_position": 1952.0,
        "bpb": 1.0258548259735107
      },
      "1984-2048": {
        "center_position": 2016.0,
        "bpb": 0.9291956424713135
      }
    },
    "overall_mean_bpb": 1.06353759765625
  },
  "niah": {
    "context_lengths": [
      256,
      512,
      1024,
      2048
    ],
    "positions": [
      0.1,
      0.25,
      0.5,
      0.75,
      0.9
    ],
    "accuracy": {
      "256": {
        "0.1": 1.0,
        "0.25": 1.0,
        "0.5": 1.0,
        "0.75": 1.0,
        "0.9": 1.0
      },
      "512": {
        "0.1": 1.0,
        "0.25": 1.0,
        "0.5": 1.0,
        "0.75": 1.0,
        "0.9": 1.0
      },
      "1024": {
        "0.1": 1.0,
        "0.25": 1.0,
        "0.5": 1.0,
        "0.75": 1.0,
        "0.9": 1.0
      },
      "2048": {
        "0.1": 1.0,
        "0.25": 1.0,
        "0.5": 1.0,
        "0.75": 1.0,
        "0.9": 1.0
      }
    },
    "overall_accuracy": 1.0
  }
}