{
  "mechanism": "baseline",
  "depth": 12,
  "max_seq_len": 4096,
  "window_pattern": "SSSL",
  "seed": 1337,
  "val_bpb": 0.8462624191992597,
  "min_val_bpb": 0.8462624191992597,
  "total_params": 286261730,
  "base_params": 286261730,
  "memory_params": 0,
  "param_overhead_pct": 0.0,
  "total_time_min": 5.86498898267746,
  "peak_vram_mib": 29664.29541015625,
  "flops_per_step": 450251370528768,
  "total_flops": 1134633453732495360,
  "bpb_by_position": {
    "task": "bpb_by_position",
    "num_buckets": 64,
    "sequence_length": 4096,
    "buckets": {
      "0-64": {
        "center_position": 32.0,
        "bpb": 1.3480536937713623
      },
      "64-128": {
        "center_position": 96.0,
        "bpb": 1.1308668851852417
      },
      "128-192": {
        "center_position": 160.0,
        "bpb": 1.120478630065918
      },
      "192-256": {
        "center_position": 224.0,
        "bpb": 1.0847468376159668
      },
      "256-320": {
        "center_position": 288.0,
        "bpb": 1.0982820987701416
      },
      "320-384": {
        "center_position": 352.0,
        "bpb": 1.0806399583816528
      },
      "384-448": {
        "center_position": 416.0,
        "bpb": 1.0672180652618408
      },
      "448-512": {
        "center_position": 480.0,
        "bpb": 1.0708532333374023
      },
      "512-576": {
        "center_position": 544.0,
        "bpb": 1.0431394577026367
      },
      "576-640": {
        "center_position": 608.0,
        "bpb": 1.0025670528411865
      },
      "640-704": {
        "center_position": 672.0,
        "bpb": 0.9729140996932983
      },
      "704-768": {
        "center_position": 736.0,
        "bpb": 1.0607566833496094
      },
      "768-832": {
        "center_position": 800.0,
        "bpb": 1.10323166847229
      },
      "832-896": {
        "center_position": 864.0,
        "bpb": 1.0988047122955322
      },
      "896-960": {
        "center_position": 928.0,
        "bpb": 1.074625015258789
      },
      "960-1024": {
        "center_position": 992.0,
        "bpb": 1.0878474712371826
      },
      "1024-1088": {
        "center_position": 1056.0,
        "bpb": 1.0759751796722412
      },
      "1088-1152": {
        "center_position": 1120.0,
        "bpb": 1.0618605613708496
      },
      "1152-1216": {
        "center_position": 1184.0,
        "bpb": 1.0502134561538696
      },
      "1216-1280": {
        "center_position": 1248.0,
        "bpb": 1.02726149559021
      },
      "1280-1344": {
        "center_position": 1312.0,
        "bpb": 1.013932228088379
      },
      "1344-1408": {
        "center_position": 1376.0,
        "bpb": 1.0059840679168701
      },
      "1408-1472": {
        "center_position": 1440.0,
        "bpb": 1.047735333442688
      },
      "1472-1536": {
        "center_position": 1504.0,
        "bpb": 1.0472441911697388
      },
      "1536-1600": {
        "center_position": 1568.0,
        "bpb": 1.0733978748321533
      },
      "1600-1664": {
        "center_position": 1632.0,
        "bpb": 1.0688862800598145
      },
      "1664-1728": {
        "center_position": 1696.0,
        "bpb": 1.0822041034698486
      },
      "1728-1792": {
        "center_position": 1760.0,
        "bpb": 1.0704219341278076
      },
      "1792-1856": {
        "center_position": 1824.0,
        "bpb": 1.0697104930877686
      },
      "1856-1920": {
        "center_position": 1888.0,
        "bpb": 1.055269479751587
      },
      "1920-1984": {
        "center_position": 1952.0,
        "bpb": 1.045946478843689
      },
      "1984-2048": {
        "center_position": 2016.0,
        "bpb": 1.0404675006866455
      },
      "2048-2112": {
        "center_position": 2080.0,
        "bpb": 1.0329663753509521
      },
      "2112-2176": {
        "center_position": 2144.0,
        "bpb": 1.0424906015396118
      },
      "2176-2240": {
        "center_position": 2208.0,
        "bpb": 1.0356807708740234
      },
      "2240-2304": {
        "center_position": 2272.0,
        "bpb": 1.049492359161377
      },
      "2304-2368": {
        "center_position": 2336.0,
        "bpb": 1.0689644813537598
      },
      "2368-2432": {
        "center_position": 2400.0,
        "bpb": 1.0465151071548462
      },
      "2432-2496": {
        "center_position": 2464.0,
        "bpb": 1.0593587160110474
      },
      "2496-2560": {
        "center_position": 2528.0,
        "bpb": 1.057515025138855
      },
      "2560-2624": {
        "center_position": 2592.0,
        "bpb": 1.0518217086791992
      },
      "2624-2688": {
        "center_position": 2656.0,
        "bpb": 1.0403764247894287
      },
      "2688-2752": {
        "center_position": 2720.0,
        "bpb": 1.0479421615600586
      },
      "2752-2816": {
        "center_position": 2784.0,
        "bpb": 1.0215790271759033
      },
      "2816-2880": {
        "center_position": 2848.0,
        "bpb": 1.0278162956237793
      },
      "2880-2944": {
        "center_position": 2912.0,
        "bpb": 1.0586504936218262
      },
      "2944-3008": {
        "center_position": 2976.0,
        "bpb": 1.0503840446472168
      },
      "3008-3072": {
        "center_position": 3040.0,
        "bpb": 1.0413057804107666
      },
      "3072-3136": {
        "center_position": 3104.0,
        "bpb": 1.0477925539016724
      },
      "3136-3200": {
        "center_position": 3168.0,
        "bpb": 1.0579917430877686
      },
      "3200-3264": {
        "center_position": 3232.0,
        "bpb": 1.0566755533218384
      },
      "3264-3328": {
        "center_position": 3296.0,
        "bpb": 1.058403730392456
      },
      "3328-3392": {
        "center_position": 3360.0,
        "bpb": 1.045695424079895
      },
      "3392-3456": {
        "center_position": 3424.0,
        "bpb": 1.0495343208312988
      },
      "3456-3520": {
        "center_position": 3488.0,
        "bpb": 1.0337929725646973
      },
      "3520-3584": {
        "center_position": 3552.0,
        "bpb": 1.0431993007659912
      },
      "3584-3648": {
        "center_position": 3616.0,
        "bpb": 1.070847988128662
      },
      "3648-3712": {
        "center_position": 3680.0,
        "bpb": 1.0468146800994873
      },
      "3712-3776": {
        "center_position": 3744.0,
        "bpb": 1.06190824508667
      },
      "3776-3840": {
        "center_position": 3808.0,
        "bpb": 1.05543851852417
      },
      "3840-3904": {
        "center_position": 3872.0,
        "bpb": 1.0715512037277222
      },
      "3904-3968": {
        "center_position": 3936.0,
        "bpb": 1.0893185138702393
      },
      "3968-4032": {
        "center_position": 4000.0,
        "bpb": 1.1055024862289429
      },
      "4032-4096": {
        "center_position": 4064.0,
        "bpb": 1.002577781677246
      }
    },
    "overall_mean_bpb": 1.061116337776184
  },
  "niah": {
    "context_lengths": [
      256,
      512,
      1024,
      2048
    ],
    "positions": [
      0.1,
      0.25,
      0.5,
      0.75,
      0.9
    ],
    "accuracy": {
      "256": {
        "0.1": 1.0,
        "0.25": 1.0,
        "0.5": 1.0,
        "0.75": 1.0,
        "0.9": 1.0
      },
      "512": {
        "0.1": 1.0,
        "0.25": 1.0,
        "0.5": 1.0,
        "0.75": 1.0,
        "0.9": 1.0
      },
      "1024": {
        "0.1": 1.0,
        "0.25": 1.0,
        "0.5": 1.0,
        "0.75": 1.0,
        "0.9": 1.0
      },
      "2048": {
        "0.1": 1.0,
        "0.25": 1.0,
        "0.5": 1.0,
        "0.75": 1.0,
        "0.9": 1.0
      }
    },
    "overall_accuracy": 1.0
  }
}