{
  "mechanism": "baseline",
  "depth": 12,
  "seed": 42,
  "val_bpb": 0.8466604736662928,
  "min_val_bpb": 0.8466604736662928,
  "total_params": 286261730,
  "base_params": 286261730,
  "memory_params": 0,
  "param_overhead_pct": 0.0,
  "total_time_min": 5.454147613048553,
  "peak_vram_mib": 29659.27978515625,
  "flops_per_step": 398299446116352,
  "total_flops": 1003714604213207040,
  "bpb_by_position": {
    "task": "bpb_by_position",
    "num_buckets": 32,
    "sequence_length": 2048,
    "buckets": {
      "0-64": {
        "center_position": 32.0,
        "bpb": 1.3048088550567627
      },
      "64-128": {
        "center_position": 96.0,
        "bpb": 1.1119210720062256
      },
      "128-192": {
        "center_position": 160.0,
        "bpb": 1.0871937274932861
      },
      "192-256": {
        "center_position": 224.0,
        "bpb": 1.083116054534912
      },
      "256-320": {
        "center_position": 288.0,
        "bpb": 1.0886921882629395
      },
      "320-384": {
        "center_position": 352.0,
        "bpb": 1.0634692907333374
      },
      "384-448": {
        "center_position": 416.0,
        "bpb": 1.0722540616989136
      },
      "448-512": {
        "center_position": 480.0,
        "bpb": 1.0677627325057983
      },
      "512-576": {
        "center_position": 544.0,
        "bpb": 1.0552234649658203
      },
      "576-640": {
        "center_position": 608.0,
        "bpb": 0.9821887016296387
      },
      "640-704": {
        "center_position": 672.0,
        "bpb": 0.9033798575401306
      },
      "704-768": {
        "center_position": 736.0,
        "bpb": 1.0449821949005127
      },
      "768-832": {
        "center_position": 800.0,
        "bpb": 1.090383768081665
      },
      "832-896": {
        "center_position": 864.0,
        "bpb": 1.0738751888275146
      },
      "896-960": {
        "center_position": 928.0,
        "bpb": 1.0831267833709717
      },
      "960-1024": {
        "center_position": 992.0,
        "bpb": 1.0736244916915894
      },
      "1024-1088": {
        "center_position": 1056.0,
        "bpb": 1.0780353546142578
      },
      "1088-1152": {
        "center_position": 1120.0,
        "bpb": 1.0681569576263428
      },
      "1152-1216": {
        "center_position": 1184.0,
        "bpb": 1.0702959299087524
      },
      "1216-1280": {
        "center_position": 1248.0,
        "bpb": 1.0655176639556885
      },
      "1280-1344": {
        "center_position": 1312.0,
        "bpb": 1.0317957401275635
      },
      "1344-1408": {
        "center_position": 1376.0,
        "bpb": 0.9965289831161499
      },
      "1408-1472": {
        "center_position": 1440.0,
        "bpb": 1.027220606803894
      },
      "1472-1536": {
        "center_position": 1504.0,
        "bpb": 1.0722014904022217
      },
      "1536-1600": {
        "center_position": 1568.0,
        "bpb": 1.099525809288025
      },
      "1600-1664": {
        "center_position": 1632.0,
        "bpb": 1.0950084924697876
      },
      "1664-1728": {
        "center_position": 1696.0,
        "bpb": 1.0950149297714233
      },
      "1728-1792": {
        "center_position": 1760.0,
        "bpb": 1.0851473808288574
      },
      "1792-1856": {
        "center_position": 1824.0,
        "bpb": 1.071089506149292
      },
      "1856-1920": {
        "center_position": 1888.0,
        "bpb": 1.0615246295928955
      },
      "1920-1984": {
        "center_position": 1952.0,
        "bpb": 1.0408313274383545
      },
      "1984-2048": {
        "center_position": 2016.0,
        "bpb": 0.9402164220809937
      }
    },
    "overall_mean_bpb": 1.0651285648345947
  }
}