{
  "mechanism": "deltanet-L4",
  "depth": 12,
  "seed": 1337,
  "val_bpb": 0.8477348144872427,
  "min_val_bpb": 0.8477348144872427,
  "total_params": 286870132,
  "base_params": 286261730,
  "memory_params": 608402,
  "param_overhead_pct": 0.213,
  "total_time_min": 11.622393496831258,
  "peak_vram_mib": 58433.43408203125,
  "flops_per_step": 400213313323008,
  "total_flops": 1008537549573980160,
  "bpb_by_position": {
    "task": "bpb_by_position",
    "num_buckets": 32,
    "sequence_length": 2048,
    "buckets": {
      "0-64": {
        "center_position": 32.0,
        "bpb": 1.305424690246582
      },
      "64-128": {
        "center_position": 96.0,
        "bpb": 1.112104892730713
      },
      "128-192": {
        "center_position": 160.0,
        "bpb": 1.0889787673950195
      },
      "192-256": {
        "center_position": 224.0,
        "bpb": 1.0845812559127808
      },
      "256-320": {
        "center_position": 288.0,
        "bpb": 1.0903977155685425
      },
      "320-384": {
        "center_position": 352.0,
        "bpb": 1.0655038356781006
      },
      "384-448": {
        "center_position": 416.0,
        "bpb": 1.0732312202453613
      },
      "448-512": {
        "center_position": 480.0,
        "bpb": 1.0707991123199463
      },
      "512-576": {
        "center_position": 544.0,
        "bpb": 1.0558849573135376
      },
      "576-640": {
        "center_position": 608.0,
        "bpb": 0.9845436215400696
      },
      "640-704": {
        "center_position": 672.0,
        "bpb": 0.9054169654846191
      },
      "704-768": {
        "center_position": 736.0,
        "bpb": 1.0435411930084229
      },
      "768-832": {
        "center_position": 800.0,
        "bpb": 1.0918444395065308
      },
      "832-896": {
        "center_position": 864.0,
        "bpb": 1.0770140886306763
      },
      "896-960": {
        "center_position": 928.0,
        "bpb": 1.0843205451965332
      },
      "960-1024": {
        "center_position": 992.0,
        "bpb": 1.0748637914657593
      },
      "1024-1088": {
        "center_position": 1056.0,
        "bpb": 1.0818413496017456
      },
      "1088-1152": {
        "center_position": 1120.0,
        "bpb": 1.0686417818069458
      },
      "1152-1216": {
        "center_position": 1184.0,
        "bpb": 1.0705311298370361
      },
      "1216-1280": {
        "center_position": 1248.0,
        "bpb": 1.0674608945846558
      },
      "1280-1344": {
        "center_position": 1312.0,
        "bpb": 1.0340051651000977
      },
      "1344-1408": {
        "center_position": 1376.0,
        "bpb": 0.9990053176879883
      },
      "1408-1472": {
        "center_position": 1440.0,
        "bpb": 1.0262513160705566
      },
      "1472-1536": {
        "center_position": 1504.0,
        "bpb": 1.0739858150482178
      },
      "1536-1600": {
        "center_position": 1568.0,
        "bpb": 1.1002904176712036
      },
      "1600-1664": {
        "center_position": 1632.0,
        "bpb": 1.0993142127990723
      },
      "1664-1728": {
        "center_position": 1696.0,
        "bpb": 1.0952351093292236
      },
      "1728-1792": {
        "center_position": 1760.0,
        "bpb": 1.0866057872772217
      },
      "1792-1856": {
        "center_position": 1824.0,
        "bpb": 1.0735483169555664
      },
      "1856-1920": {
        "center_position": 1888.0,
        "bpb": 1.0631000995635986
      },
      "1920-1984": {
        "center_position": 1952.0,
        "bpb": 1.0442026853561401
      },
      "1984-2048": {
        "center_position": 2016.0,
        "bpb": 0.9431394338607788
      }
    },
    "overall_mean_bpb": 1.0667377710342407
  }
}