{
  "mechanism": "deltanet-L4",
  "depth": 12,
  "seed": 42,
  "val_bpb": 0.8471829857619807,
  "min_val_bpb": 0.8471829857619807,
  "total_params": 286870132,
  "base_params": 286261730,
  "memory_params": 608402,
  "param_overhead_pct": 0.213,
  "total_time_min": 11.631110294659932,
  "peak_vram_mib": 58432.93408203125,
  "flops_per_step": 400213313323008,
  "total_flops": 1008537549573980160,
  "bpb_by_position": {
    "task": "bpb_by_position",
    "num_buckets": 32,
    "sequence_length": 2048,
    "buckets": {
      "0-64": {
        "center_position": 32.0,
        "bpb": 1.3049699068069458
      },
      "64-128": {
        "center_position": 96.0,
        "bpb": 1.1113781929016113
      },
      "128-192": {
        "center_position": 160.0,
        "bpb": 1.0878854990005493
      },
      "192-256": {
        "center_position": 224.0,
        "bpb": 1.083531379699707
      },
      "256-320": {
        "center_position": 288.0,
        "bpb": 1.0893837213516235
      },
      "320-384": {
        "center_position": 352.0,
        "bpb": 1.0628547668457031
      },
      "384-448": {
        "center_position": 416.0,
        "bpb": 1.0727324485778809
      },
      "448-512": {
        "center_position": 480.0,
        "bpb": 1.068666934967041
      },
      "512-576": {
        "center_position": 544.0,
        "bpb": 1.0557278394699097
      },
      "576-640": {
        "center_position": 608.0,
        "bpb": 0.9831469655036926
      },
      "640-704": {
        "center_position": 672.0,
        "bpb": 0.9042811989784241
      },
      "704-768": {
        "center_position": 736.0,
        "bpb": 1.0458428859710693
      },
      "768-832": {
        "center_position": 800.0,
        "bpb": 1.0923473834991455
      },
      "832-896": {
        "center_position": 864.0,
        "bpb": 1.0749982595443726
      },
      "896-960": {
        "center_position": 928.0,
        "bpb": 1.083034873008728
      },
      "960-1024": {
        "center_position": 992.0,
        "bpb": 1.0760995149612427
      },
      "1024-1088": {
        "center_position": 1056.0,
        "bpb": 1.0806810855865479
      },
      "1088-1152": {
        "center_position": 1120.0,
        "bpb": 1.0694817304611206
      },
      "1152-1216": {
        "center_position": 1184.0,
        "bpb": 1.070599913597107
      },
      "1216-1280": {
        "center_position": 1248.0,
        "bpb": 1.0673086643218994
      },
      "1280-1344": {
        "center_position": 1312.0,
        "bpb": 1.0337460041046143
      },
      "1344-1408": {
        "center_position": 1376.0,
        "bpb": 0.9976245164871216
      },
      "1408-1472": {
        "center_position": 1440.0,
        "bpb": 1.0259184837341309
      },
      "1472-1536": {
        "center_position": 1504.0,
        "bpb": 1.073000192642212
      },
      "1536-1600": {
        "center_position": 1568.0,
        "bpb": 1.0992969274520874
      },
      "1600-1664": {
        "center_position": 1632.0,
        "bpb": 1.0964066982269287
      },
      "1664-1728": {
        "center_position": 1696.0,
        "bpb": 1.0948185920715332
      },
      "1728-1792": {
        "center_position": 1760.0,
        "bpb": 1.0841859579086304
      },
      "1792-1856": {
        "center_position": 1824.0,
        "bpb": 1.071973204612732
      },
      "1856-1920": {
        "center_position": 1888.0,
        "bpb": 1.061962604522705
      },
      "1920-1984": {
        "center_position": 1952.0,
        "bpb": 1.0407898426055908
      },
      "1984-2048": {
        "center_position": 2016.0,
        "bpb": 0.9411895275115967
      }
    },
    "overall_mean_bpb": 1.0658082962036133
  }
}