{
  "mechanism": "deltanet-L4",
  "depth": 12,
  "seed": 3141,
  "val_bpb": 0.8470203746357153,
  "min_val_bpb": 0.8470203746357153,
  "total_params": 286870132,
  "base_params": 286261730,
  "memory_params": 608402,
  "param_overhead_pct": 0.213,
  "total_time_min": 11.617397145430248,
  "peak_vram_mib": 58432.63720703125,
  "flops_per_step": 400213313323008,
  "total_flops": 1008537549573980160,
  "bpb_by_position": {
    "task": "bpb_by_position",
    "num_buckets": 32,
    "sequence_length": 2048,
    "buckets": {
      "0-64": {
        "center_position": 32.0,
        "bpb": 1.3043572902679443
      },
      "64-128": {
        "center_position": 96.0,
        "bpb": 1.1116392612457275
      },
      "128-192": {
        "center_position": 160.0,
        "bpb": 1.0891846418380737
      },
      "192-256": {
        "center_position": 224.0,
        "bpb": 1.0831806659698486
      },
      "256-320": {
        "center_position": 288.0,
        "bpb": 1.0884194374084473
      },
      "320-384": {
        "center_position": 352.0,
        "bpb": 1.062636137008667
      },
      "384-448": {
        "center_position": 416.0,
        "bpb": 1.072705626487732
      },
      "448-512": {
        "center_position": 480.0,
        "bpb": 1.0686085224151611
      },
      "512-576": {
        "center_position": 544.0,
        "bpb": 1.0566022396087646
      },
      "576-640": {
        "center_position": 608.0,
        "bpb": 0.9856718182563782
      },
      "640-704": {
        "center_position": 672.0,
        "bpb": 0.9044108390808105
      },
      "704-768": {
        "center_position": 736.0,
        "bpb": 1.043196678161621
      },
      "768-832": {
        "center_position": 800.0,
        "bpb": 1.091879963874817
      },
      "832-896": {
        "center_position": 864.0,
        "bpb": 1.0749589204788208
      },
      "896-960": {
        "center_position": 928.0,
        "bpb": 1.0811612606048584
      },
      "960-1024": {
        "center_position": 992.0,
        "bpb": 1.0731871128082275
      },
      "1024-1088": {
        "center_position": 1056.0,
        "bpb": 1.080613374710083
      },
      "1088-1152": {
        "center_position": 1120.0,
        "bpb": 1.0700695514678955
      },
      "1152-1216": {
        "center_position": 1184.0,
        "bpb": 1.0690621137619019
      },
      "1216-1280": {
        "center_position": 1248.0,
        "bpb": 1.0669442415237427
      },
      "1280-1344": {
        "center_position": 1312.0,
        "bpb": 1.0325381755828857
      },
      "1344-1408": {
        "center_position": 1376.0,
        "bpb": 0.9980254769325256
      },
      "1408-1472": {
        "center_position": 1440.0,
        "bpb": 1.0250244140625
      },
      "1472-1536": {
        "center_position": 1504.0,
        "bpb": 1.0740891695022583
      },
      "1536-1600": {
        "center_position": 1568.0,
        "bpb": 1.0993008613586426
      },
      "1600-1664": {
        "center_position": 1632.0,
        "bpb": 1.0973924398422241
      },
      "1664-1728": {
        "center_position": 1696.0,
        "bpb": 1.0946393013000488
      },
      "1728-1792": {
        "center_position": 1760.0,
        "bpb": 1.0846562385559082
      },
      "1792-1856": {
        "center_position": 1824.0,
        "bpb": 1.072983741760254
      },
      "1856-1920": {
        "center_position": 1888.0,
        "bpb": 1.0625745058059692
      },
      "1920-1984": {
        "center_position": 1952.0,
        "bpb": 1.0406099557876587
      },
      "1984-2048": {
        "center_position": 2016.0,
        "bpb": 0.940944254398346
      }
    },
    "overall_mean_bpb": 1.0656646490097046
  }
}