{
  "mechanism": "deltanet-L4",
  "depth": 12,
  "seed": 67,
  "val_bpb": 0.847403414177585,
  "min_val_bpb": 0.847403414177585,
  "total_params": 286870132,
  "base_params": 286261730,
  "memory_params": 608402,
  "param_overhead_pct": 0.213,
  "total_time_min": 11.613736093044281,
  "peak_vram_mib": 58432.80908203125,
  "flops_per_step": 400213313323008,
  "total_flops": 1008537549573980160,
  "bpb_by_position": {
    "task": "bpb_by_position",
    "num_buckets": 32,
    "sequence_length": 2048,
    "buckets": {
      "0-64": {
        "center_position": 32.0,
        "bpb": 1.3039569854736328
      },
      "64-128": {
        "center_position": 96.0,
        "bpb": 1.1112174987792969
      },
      "128-192": {
        "center_position": 160.0,
        "bpb": 1.0888044834136963
      },
      "192-256": {
        "center_position": 224.0,
        "bpb": 1.0842835903167725
      },
      "256-320": {
        "center_position": 288.0,
        "bpb": 1.0890904664993286
      },
      "320-384": {
        "center_position": 352.0,
        "bpb": 1.0611649751663208
      },
      "384-448": {
        "center_position": 416.0,
        "bpb": 1.0718275308609009
      },
      "448-512": {
        "center_position": 480.0,
        "bpb": 1.0679634809494019
      },
      "512-576": {
        "center_position": 544.0,
        "bpb": 1.0562548637390137
      },
      "576-640": {
        "center_position": 608.0,
        "bpb": 0.9844348430633545
      },
      "640-704": {
        "center_position": 672.0,
        "bpb": 0.9061956405639648
      },
      "704-768": {
        "center_position": 736.0,
        "bpb": 1.0454790592193604
      },
      "768-832": {
        "center_position": 800.0,
        "bpb": 1.092492699623108
      },
      "832-896": {
        "center_position": 864.0,
        "bpb": 1.0743966102600098
      },
      "896-960": {
        "center_position": 928.0,
        "bpb": 1.081892490386963
      },
      "960-1024": {
        "center_position": 992.0,
        "bpb": 1.0755035877227783
      },
      "1024-1088": {
        "center_position": 1056.0,
        "bpb": 1.0805448293685913
      },
      "1088-1152": {
        "center_position": 1120.0,
        "bpb": 1.069989562034607
      },
      "1152-1216": {
        "center_position": 1184.0,
        "bpb": 1.0700870752334595
      },
      "1216-1280": {
        "center_position": 1248.0,
        "bpb": 1.06636381149292
      },
      "1280-1344": {
        "center_position": 1312.0,
        "bpb": 1.0337347984313965
      },
      "1344-1408": {
        "center_position": 1376.0,
        "bpb": 0.9971188306808472
      },
      "1408-1472": {
        "center_position": 1440.0,
        "bpb": 1.027406096458435
      },
      "1472-1536": {
        "center_position": 1504.0,
        "bpb": 1.0729538202285767
      },
      "1536-1600": {
        "center_position": 1568.0,
        "bpb": 1.0985372066497803
      },
      "1600-1664": {
        "center_position": 1632.0,
        "bpb": 1.0963213443756104
      },
      "1664-1728": {
        "center_position": 1696.0,
        "bpb": 1.095223069190979
      },
      "1728-1792": {
        "center_position": 1760.0,
        "bpb": 1.084540605545044
      },
      "1792-1856": {
        "center_position": 1824.0,
        "bpb": 1.0721020698547363
      },
      "1856-1920": {
        "center_position": 1888.0,
        "bpb": 1.06247878074646
      },
      "1920-1984": {
        "center_position": 1952.0,
        "bpb": 1.0423636436462402
      },
      "1984-2048": {
        "center_position": 2016.0,
        "bpb": 0.9431158304214478
      }
    },
    "overall_mean_bpb": 1.0658700466156006
  }
}