{
  "mechanism": "persistent-32",
  "depth": 12,
  "seed": 3141,
  "val_bpb": 0.8433068377504105,
  "min_val_bpb": 0.8433068377504105,
  "total_params": 286851566,
  "base_params": 286261730,
  "memory_params": 589836,
  "param_overhead_pct": 0.206,
  "total_time_min": 11.341083784898123,
  "peak_vram_mib": 29666.04736328125,
  "flops_per_step": 400154909736960,
  "total_flops": 1008390372537139200,
  "bpb_by_position": {
    "task": "bpb_by_position",
    "num_buckets": 32,
    "sequence_length": 2048,
    "buckets": {
      "0-64": {
        "center_position": 32.0,
        "bpb": 1.2995284795761108
      },
      "64-128": {
        "center_position": 96.0,
        "bpb": 1.1068451404571533
      },
      "128-192": {
        "center_position": 160.0,
        "bpb": 1.0861117839813232
      },
      "192-256": {
        "center_position": 224.0,
        "bpb": 1.079287052154541
      },
      "256-320": {
        "center_position": 288.0,
        "bpb": 1.0841054916381836
      },
      "320-384": {
        "center_position": 352.0,
        "bpb": 1.0573585033416748
      },
      "384-448": {
        "center_position": 416.0,
        "bpb": 1.067279577255249
      },
      "448-512": {
        "center_position": 480.0,
        "bpb": 1.0656071901321411
      },
      "512-576": {
        "center_position": 544.0,
        "bpb": 1.0515347719192505
      },
      "576-640": {
        "center_position": 608.0,
        "bpb": 0.9775261878967285
      },
      "640-704": {
        "center_position": 672.0,
        "bpb": 0.8982113003730774
      },
      "704-768": {
        "center_position": 736.0,
        "bpb": 1.0362510681152344
      },
      "768-832": {
        "center_position": 800.0,
        "bpb": 1.0868009328842163
      },
      "832-896": {
        "center_position": 864.0,
        "bpb": 1.0699448585510254
      },
      "896-960": {
        "center_position": 928.0,
        "bpb": 1.0763757228851318
      },
      "960-1024": {
        "center_position": 992.0,
        "bpb": 1.0681796073913574
      },
      "1024-1088": {
        "center_position": 1056.0,
        "bpb": 1.0756880044937134
      },
      "1088-1152": {
        "center_position": 1120.0,
        "bpb": 1.0632786750793457
      },
      "1152-1216": {
        "center_position": 1184.0,
        "bpb": 1.063097596168518
      },
      "1216-1280": {
        "center_position": 1248.0,
        "bpb": 1.0604920387268066
      },
      "1280-1344": {
        "center_position": 1312.0,
        "bpb": 1.0274531841278076
      },
      "1344-1408": {
        "center_position": 1376.0,
        "bpb": 0.9899777173995972
      },
      "1408-1472": {
        "center_position": 1440.0,
        "bpb": 1.0197858810424805
      },
      "1472-1536": {
        "center_position": 1504.0,
        "bpb": 1.0679216384887695
      },
      "1536-1600": {
        "center_position": 1568.0,
        "bpb": 1.0918973684310913
      },
      "1600-1664": {
        "center_position": 1632.0,
        "bpb": 1.091582179069519
      },
      "1664-1728": {
        "center_position": 1696.0,
        "bpb": 1.088909387588501
      },
      "1728-1792": {
        "center_position": 1760.0,
        "bpb": 1.0794968605041504
      },
      "1792-1856": {
        "center_position": 1824.0,
        "bpb": 1.0676777362823486
      },
      "1856-1920": {
        "center_position": 1888.0,
        "bpb": 1.0578532218933105
      },
      "1920-1984": {
        "center_position": 1952.0,
        "bpb": 1.0371923446655273
      },
      "1984-2048": {
        "center_position": 2016.0,
        "bpb": 0.93160480260849
      }
    },
    "overall_mean_bpb": 1.0601518154144287
  }
}