{
  "mechanism": "persistent-32",
  "depth": 12,
  "max_seq_len": 8192,
  "window_pattern": "SSSL",
  "seed": 42,
  "val_bpb": 0.8478688112464834,
  "min_val_bpb": 0.8478688112464834,
  "total_params": 286851566,
  "base_params": 286261730,
  "memory_params": 589836,
  "param_overhead_pct": 0.206,
  "total_time_min": 13.581101632118225,
  "peak_vram_mib": 57918.49169921875,
  "flops_per_step": 556010682974208,
  "total_flops": 1401146921095004160,
  "bpb_by_position": {
    "task": "bpb_by_position",
    "num_buckets": 128,
    "sequence_length": 8192,
    "buckets": {
      "0-64": {
        "center_position": 32.0,
        "bpb": 1.33375084400177
      },
      "64-128": {
        "center_position": 96.0,
        "bpb": 1.1521738767623901
      },
      "128-192": {
        "center_position": 160.0,
        "bpb": 1.1071064472198486
      },
      "192-256": {
        "center_position": 224.0,
        "bpb": 1.0810930728912354
      },
      "256-320": {
        "center_position": 288.0,
        "bpb": 1.0951833724975586
      },
      "320-384": {
        "center_position": 352.0,
        "bpb": 1.096890926361084
      },
      "384-448": {
        "center_position": 416.0,
        "bpb": 1.0913636684417725
      },
      "448-512": {
        "center_position": 480.0,
        "bpb": 1.090414047241211
      },
      "512-576": {
        "center_position": 544.0,
        "bpb": 1.0479720830917358
      },
      "576-640": {
        "center_position": 608.0,
        "bpb": 1.0135445594787598
      },
      "640-704": {
        "center_position": 672.0,
        "bpb": 0.9934927225112915
      },
      "704-768": {
        "center_position": 736.0,
        "bpb": 1.0584665536880493
      },
      "768-832": {
        "center_position": 800.0,
        "bpb": 1.1157569885253906
      },
      "832-896": {
        "center_position": 864.0,
        "bpb": 1.106088638305664
      },
      "896-960": {
        "center_position": 928.0,
        "bpb": 1.111314058303833
      },
      "960-1024": {
        "center_position": 992.0,
        "bpb": 1.1085584163665771
      },
      "1024-1088": {
        "center_position": 1056.0,
        "bpb": 1.1019763946533203
      },
      "1088-1152": {
        "center_position": 1120.0,
        "bpb": 1.0831241607666016
      },
      "1152-1216": {
        "center_position": 1184.0,
        "bpb": 1.0712825059890747
      },
      "1216-1280": {
        "center_position": 1248.0,
        "bpb": 1.0374603271484375
      },
      "1280-1344": {
        "center_position": 1312.0,
        "bpb": 1.029264211654663
      },
      "1344-1408": {
        "center_position": 1376.0,
        "bpb": 1.0211515426635742
      },
      "1408-1472": {
        "center_position": 1440.0,
        "bpb": 1.0251836776733398
      },
      "1472-1536": {
        "center_position": 1504.0,
        "bpb": 1.0516341924667358
      },
      "1536-1600": {
        "center_position": 1568.0,
        "bpb": 1.0633703470230103
      },
      "1600-1664": {
        "center_position": 1632.0,
        "bpb": 1.0882205963134766
      },
      "1664-1728": {
        "center_position": 1696.0,
        "bpb": 1.0757694244384766
      },
      "1728-1792": {
        "center_position": 1760.0,
        "bpb": 1.0599689483642578
      },
      "1792-1856": {
        "center_position": 1824.0,
        "bpb": 1.0708211660385132
      },
      "1856-1920": {
        "center_position": 1888.0,
        "bpb": 1.0642483234405518
      },
      "1920-1984": {
        "center_position": 1952.0,
        "bpb": 1.0590343475341797
      },
      "1984-2048": {
        "center_position": 2016.0,
        "bpb": 1.0309654474258423
      },
      "2048-2112": {
        "center_position": 2080.0,
        "bpb": 1.052322268486023
      },
      "2112-2176": {
        "center_position": 2144.0,
        "bpb": 1.0503573417663574
      },
      "2176-2240": {
        "center_position": 2208.0,
        "bpb": 1.0423229932785034
      },
      "2240-2304": {
        "center_position": 2272.0,
        "bpb": 1.0824910402297974
      },
      "2304-2368": {
        "center_position": 2336.0,
        "bpb": 1.0966665744781494
      },
      "2368-2432": {
        "center_position": 2400.0,
        "bpb": 1.0549087524414062
      },
      "2432-2496": {
        "center_position": 2464.0,
        "bpb": 1.0708284378051758
      },
      "2496-2560": {
        "center_position": 2528.0,
        "bpb": 1.0749160051345825
      },
      "2560-2624": {
        "center_position": 2592.0,
        "bpb": 1.078348994255066
      },
      "2624-2688": {
        "center_position": 2656.0,
        "bpb": 1.0484988689422607
      },
      "2688-2752": {
        "center_position": 2720.0,
        "bpb": 1.1045215129852295
      },
      "2752-2816": {
        "center_position": 2784.0,
        "bpb": 1.0880775451660156
      },
      "2816-2880": {
        "center_position": 2848.0,
        "bpb": 1.067418098449707
      },
      "2880-2944": {
        "center_position": 2912.0,
        "bpb": 1.0648109912872314
      },
      "2944-3008": {
        "center_position": 2976.0,
        "bpb": 1.051351547241211
      },
      "3008-3072": {
        "center_position": 3040.0,
        "bpb": 1.0425288677215576
      },
      "3072-3136": {
        "center_position": 3104.0,
        "bpb": 1.0571565628051758
      },
      "3136-3200": {
        "center_position": 3168.0,
        "bpb": 1.056042194366455
      },
      "3200-3264": {
        "center_position": 3232.0,
        "bpb": 1.0574421882629395
      },
      "3264-3328": {
        "center_position": 3296.0,
        "bpb": 1.0495140552520752
      },
      "3328-3392": {
        "center_position": 3360.0,
        "bpb": 1.048600435256958
      },
      "3392-3456": {
        "center_position": 3424.0,
        "bpb": 1.0370986461639404
      },
      "3456-3520": {
        "center_position": 3488.0,
        "bpb": 1.0286023616790771
      },
      "3520-3584": {
        "center_position": 3552.0,
        "bpb": 1.0365747213363647
      },
      "3584-3648": {
        "center_position": 3616.0,
        "bpb": 1.0327730178833008
      },
      "3648-3712": {
        "center_position": 3680.0,
        "bpb": 1.0234291553497314
      },
      "3712-3776": {
        "center_position": 3744.0,
        "bpb": 1.058260440826416
      },
      "3776-3840": {
        "center_position": 3808.0,
        "bpb": 1.0696392059326172
      },
      "3840-3904": {
        "center_position": 3872.0,
        "bpb": 1.0664896965026855
      },
      "3904-3968": {
        "center_position": 3936.0,
        "bpb": 1.0414340496063232
      },
      "3968-4032": {
        "center_position": 4000.0,
        "bpb": 1.0752511024475098
      },
      "4032-4096": {
        "center_position": 4064.0,
        "bpb": 1.0416059494018555
      },
      "4096-4160": {
        "center_position": 4128.0,
        "bpb": 1.0525798797607422
      },
      "4160-4224": {
        "center_position": 4192.0,
        "bpb": 1.0407764911651611
      },
      "4224-4288": {
        "center_position": 4256.0,
        "bpb": 1.0356783866882324
      },
      "4288-4352": {
        "center_position": 4320.0,
        "bpb": 1.0474350452423096
      },
      "4352-4416": {
        "center_position": 4384.0,
        "bpb": 1.0356414318084717
      },
      "4416-4480": {
        "center_position": 4448.0,
        "bpb": 1.033172845840454
      },
      "4480-4544": {
        "center_position": 4512.0,
        "bpb": 1.031235694885254
      },
      "4544-4608": {
        "center_position": 4576.0,
        "bpb": 1.042579174041748
      },
      "4608-4672": {
        "center_position": 4640.0,
        "bpb": 1.0328832864761353
      },
      "4672-4736": {
        "center_position": 4704.0,
        "bpb": 1.0242133140563965
      },
      "4736-4800": {
        "center_position": 4768.0,
        "bpb": 1.0155069828033447
      },
      "4800-4864": {
        "center_position": 4832.0,