{
  "mechanism": "persistent-32",
  "depth": 12,
  "max_seq_len": 4096,
  "window_pattern": "SSSL",
  "seed": 1337,
  "val_bpb": 0.8453102490071432,
  "min_val_bpb": 0.8453102490071432,
  "total_params": 286851566,
  "base_params": 286261730,
  "memory_params": 589836,
  "param_overhead_pct": 0.206,
  "total_time_min": 11.16099826892217,
  "peak_vram_mib": 57918.89013671875,
  "flops_per_step": 452106834149376,
  "total_flops": 1139309222056427520,
  "bpb_by_position": {
    "task": "bpb_by_position",
    "num_buckets": 64,
    "sequence_length": 4096,
    "buckets": {
      "0-64": {
        "center_position": 32.0,
        "bpb": 1.3449277877807617
      },
      "64-128": {
        "center_position": 96.0,
        "bpb": 1.1298518180847168
      },
      "128-192": {
        "center_position": 160.0,
        "bpb": 1.11821711063385
      },
      "192-256": {
        "center_position": 224.0,
        "bpb": 1.0839424133300781
      },
      "256-320": {
        "center_position": 288.0,
        "bpb": 1.0950968265533447
      },
      "320-384": {
        "center_position": 352.0,
        "bpb": 1.079329252243042
      },
      "384-448": {
        "center_position": 416.0,
        "bpb": 1.0640385150909424
      },
      "448-512": {
        "center_position": 480.0,
        "bpb": 1.0689315795898438
      },
      "512-576": {
        "center_position": 544.0,
        "bpb": 1.0430641174316406
      },
      "576-640": {
        "center_position": 608.0,
        "bpb": 1.0010782480239868
      },
      "640-704": {
        "center_position": 672.0,
        "bpb": 0.9713113307952881
      },
      "704-768": {
        "center_position": 736.0,
        "bpb": 1.0581669807434082
      },
      "768-832": {
        "center_position": 800.0,
        "bpb": 1.101861596107483
      },
      "832-896": {
        "center_position": 864.0,
        "bpb": 1.097463607788086
      },
      "896-960": {
        "center_position": 928.0,
        "bpb": 1.0730464458465576
      },
      "960-1024": {
        "center_position": 992.0,
        "bpb": 1.0865328311920166
      },
      "1024-1088": {
        "center_position": 1056.0,
        "bpb": 1.0756793022155762
      },
      "1088-1152": {
        "center_position": 1120.0,
        "bpb": 1.060235619544983
      },
      "1152-1216": {
        "center_position": 1184.0,
        "bpb": 1.0483229160308838
      },
      "1216-1280": {
        "center_position": 1248.0,
        "bpb": 1.0253652334213257
      },
      "1280-1344": {
        "center_position": 1312.0,
        "bpb": 1.0141596794128418
      },
      "1344-1408": {
        "center_position": 1376.0,
        "bpb": 1.0038056373596191
      },
      "1408-1472": {
        "center_position": 1440.0,
        "bpb": 1.0440092086791992
      },
      "1472-1536": {
        "center_position": 1504.0,
        "bpb": 1.045569896697998
      },
      "1536-1600": {
        "center_position": 1568.0,
        "bpb": 1.0694797039031982
      },
      "1600-1664": {
        "center_position": 1632.0,
        "bpb": 1.0691497325897217
      },
      "1664-1728": {
        "center_position": 1696.0,
        "bpb": 1.0771520137786865
      },
      "1728-1792": {
        "center_position": 1760.0,
        "bpb": 1.0658074617385864
      },
      "1792-1856": {
        "center_position": 1824.0,
        "bpb": 1.066833257675171
      },
      "1856-1920": {
        "center_position": 1888.0,
        "bpb": 1.0547964572906494
      },
      "1920-1984": {
        "center_position": 1952.0,
        "bpb": 1.043893575668335
      },
      "1984-2048": {
        "center_position": 2016.0,
        "bpb": 1.0379761457443237
      },
      "2048-2112": {
        "center_position": 2080.0,
        "bpb": 1.030523419380188
      },
      "2112-2176": {
        "center_position": 2144.0,
        "bpb": 1.0416297912597656
      },
      "2176-2240": {
        "center_position": 2208.0,
        "bpb": 1.0335948467254639
      },
      "2240-2304": {
        "center_position": 2272.0,
        "bpb": 1.0466140508651733
      },
      "2304-2368": {
        "center_position": 2336.0,
        "bpb": 1.0685285329818726
      },
      "2368-2432": {
        "center_position": 2400.0,
        "bpb": 1.0459465980529785
      },
      "2432-2496": {
        "center_position": 2464.0,
        "bpb": 1.0576413869857788
      },
      "2496-2560": {
        "center_position": 2528.0,
        "bpb": 1.0551557540893555
      },
      "2560-2624": {
        "center_position": 2592.0,
        "bpb": 1.0485365390777588
      },
      "2624-2688": {
        "center_position": 2656.0,
        "bpb": 1.03726065158844
      },
      "2688-2752": {
        "center_position": 2720.0,
        "bpb": 1.0434329509735107
      },
      "2752-2816": {
        "center_position": 2784.0,
        "bpb": 1.019590139389038
      },
      "2816-2880": {
        "center_position": 2848.0,
        "bpb": 1.0263081789016724
      },
      "2880-2944": {
        "center_position": 2912.0,
        "bpb": 1.059317946434021
      },
      "2944-3008": {
        "center_position": 2976.0,
        "bpb": 1.0453836917877197
      },
      "3008-3072": {
        "center_position": 3040.0,
        "bpb": 1.041506052017212
      },
      "3072-3136": {
        "center_position": 3104.0,
        "bpb": 1.0465595722198486
      },
      "3136-3200": {
        "center_position": 3168.0,
        "bpb": 1.0565881729125977
      },
      "3200-3264": {
        "center_position": 3232.0,
        "bpb": 1.056495189666748
      },
      "3264-3328": {
        "center_position": 3296.0,
        "bpb": 1.0561137199401855
      },
      "3328-3392": {
        "center_position": 3360.0,
        "bpb": 1.044994831085205
      },
      "3392-3456": {
        "center_position": 3424.0,
        "bpb": 1.0480623245239258
      },
      "3456-3520": {
        "center_position": 3488.0,
        "bpb": 1.0338305234909058
      },
      "3520-3584": {
        "center_position": 3552.0,
        "bpb": 1.0407048463821411
      },
      "3584-3648": {
        "center_position": 3616.0,
        "bpb": 1.0713398456573486
      },
      "3648-3712": {
        "center_position": 3680.0,
        "bpb": 1.0472356081008911
      },
      "3712-3776": {
        "center_position": 3744.0,
        "bpb": 1.0601341724395752
      },
      "3776-3840": {
        "center_position": 3808.0,
        "bpb": 1.0549397468566895
      },
      "3840-3904": {
        "center_position": 3872.0,
        "bpb": 1.06982421875
      },
      "3904-3968": {
        "center_position": 3936.0,
        "bpb": 1.0876818895339966
      },
      "3968-4032": {
        "center_position": 4000.0,
        "bpb": 1.1024014949798584
      },
      "4032-4096": {
        "center_position": 4064.0,
        "bpb": 0.9969484806060791
      }
    },
    "overall_mean_bpb": 1.0592799186706543
  },
  "niah": {
    "context_lengths": [
      256,
      512,
      1024,
      2048
    ],
    "positions": [
      0.1,
      0.25,
      0.5,
      0.75,
      0.9
    ],
    "accuracy": {
      "256": {
        "0.1": 1.0,
        "0.25": 1.0,
        "0.5": 1.0,
        "0.75": 1.0,
        "0.9": 1.0
      },
      "512": {
        "0.1": 1.0,
        "0.25": 1.0,
        "0.5": 1.0,
        "0.75": 1.0,
        "0.9": 1.0
      },
      "1024": {
        "0.1": 1.0,
        "0.25": 1.0,
        "0.5": 1.0,
        "0.75": 1.0,
        "0.9": 1.0
      },
      "2048": {
        "0.1": 1.0,
        "0.25": 1.0,
        "0.5": 1.0,
        "0.75": 1.0,
        "0.9": 1.0
      }
    },
    "overall_accuracy": 1.0
  }
}