{
  "mechanism": "persistent-32",
  "depth": 12,
  "max_seq_len": 8192,
  "window_pattern": "SSSL",
  "seed": 1337,
  "val_bpb": 0.8479946551595136,
  "min_val_bpb": 0.8479946551595136,
  "total_params": 286851566,
  "base_params": 286261730,
  "memory_params": 589836,
  "param_overhead_pct": 0.206,
  "total_time_min": 13.572618397076925,
  "peak_vram_mib": 57919.74169921875,
  "flops_per_step": 556010682974208,
  "total_flops": 1401146921095004160,
  "bpb_by_position": {
    "task": "bpb_by_position",
    "num_buckets": 128,
    "sequence_length": 8192,
    "buckets": {
      "0-64": {
        "center_position": 32.0,
        "bpb": 1.3363659381866455
      },
      "64-128": {
        "center_position": 96.0,
        "bpb": 1.1559956073760986
      },
      "128-192": {
        "center_position": 160.0,
        "bpb": 1.1121773719787598
      },
      "192-256": {
        "center_position": 224.0,
        "bpb": 1.0800042152404785
      },
      "256-320": {
        "center_position": 288.0,
        "bpb": 1.0964138507843018
      },
      "320-384": {
        "center_position": 352.0,
        "bpb": 1.0982515811920166
      },
      "384-448": {
        "center_position": 416.0,
        "bpb": 1.094339370727539
      },
      "448-512": {
        "center_position": 480.0,
        "bpb": 1.091244101524353
      },
      "512-576": {
        "center_position": 544.0,
        "bpb": 1.0506824254989624
      },
      "576-640": {
        "center_position": 608.0,
        "bpb": 1.0180697441101074
      },
      "640-704": {
        "center_position": 672.0,
        "bpb": 0.9958829879760742
      },
      "704-768": {
        "center_position": 736.0,
        "bpb": 1.0574042797088623
      },
      "768-832": {
        "center_position": 800.0,
        "bpb": 1.1146445274353027
      },
      "832-896": {
        "center_position": 864.0,
        "bpb": 1.105265736579895
      },
      "896-960": {
        "center_position": 928.0,
        "bpb": 1.1071995496749878
      },
      "960-1024": {
        "center_position": 992.0,
        "bpb": 1.104608416557312
      },
      "1024-1088": {
        "center_position": 1056.0,
        "bpb": 1.1035031080245972
      },
      "1088-1152": {
        "center_position": 1120.0,
        "bpb": 1.0822875499725342
      },
      "1152-1216": {
        "center_position": 1184.0,
        "bpb": 1.0689067840576172
      },
      "1216-1280": {
        "center_position": 1248.0,
        "bpb": 1.0372484922409058
      },
      "1280-1344": {
        "center_position": 1312.0,
        "bpb": 1.0262831449508667
      },
      "1344-1408": {
        "center_position": 1376.0,
        "bpb": 1.024419903755188
      },
      "1408-1472": {
        "center_position": 1440.0,
        "bpb": 1.023100733757019
      },
      "1472-1536": {
        "center_position": 1504.0,
        "bpb": 1.050443172454834
      },
      "1536-1600": {
        "center_position": 1568.0,
        "bpb": 1.0670380592346191
      },
      "1600-1664": {
        "center_position": 1632.0,
        "bpb": 1.082974910736084
      },
      "1664-1728": {
        "center_position": 1696.0,
        "bpb": 1.0800037384033203
      },
      "1728-1792": {
        "center_position": 1760.0,
        "bpb": 1.061443567276001
      },
      "1792-1856": {
        "center_position": 1824.0,
        "bpb": 1.07177734375
      },
      "1856-1920": {
        "center_position": 1888.0,
        "bpb": 1.0651824474334717
      },
      "1920-1984": {
        "center_position": 1952.0,
        "bpb": 1.0550665855407715
      },
      "1984-2048": {
        "center_position": 2016.0,
        "bpb": 1.0343468189239502
      },
      "2048-2112": {
        "center_position": 2080.0,
        "bpb": 1.0494649410247803
      },
      "2112-2176": {
        "center_position": 2144.0,
        "bpb": 1.0545897483825684
      },
      "2176-2240": {
        "center_position": 2208.0,
        "bpb": 1.041946291923523
      },
      "2240-2304": {
        "center_position": 2272.0,
        "bpb": 1.0854614973068237
      },
      "2304-2368": {
        "center_position": 2336.0,
        "bpb": 1.0973784923553467
      },
      "2368-2432": {
        "center_position": 2400.0,
        "bpb": 1.0544843673706055
      },
      "2432-2496": {
        "center_position": 2464.0,
        "bpb": 1.068063735961914
      },
      "2496-2560": {
        "center_position": 2528.0,
        "bpb": 1.0748258829116821
      },
      "2560-2624": {
        "center_position": 2592.0,
        "bpb": 1.0793684720993042
      },
      "2624-2688": {
        "center_position": 2656.0,
        "bpb": 1.0460305213928223
      },
      "2688-2752": {
        "center_position": 2720.0,
        "bpb": 1.1057337522506714
      },
      "2752-2816": {
        "center_position": 2784.0,
        "bpb": 1.090657114982605
      },
      "2816-2880": {
        "center_position": 2848.0,
        "bpb": 1.0677998065948486
      },
      "2880-2944": {
        "center_position": 2912.0,
        "bpb": 1.0657527446746826
      },
      "2944-3008": {
        "center_position": 2976.0,
        "bpb": 1.0496655702590942
      },
      "3008-3072": {
        "center_position": 3040.0,
        "bpb": 1.040468692779541
      },
      "3072-3136": {
        "center_position": 3104.0,
        "bpb": 1.055374026298523
      },
      "3136-3200": {
        "center_position": 3168.0,
        "bpb": 1.0562198162078857
      },
      "3200-3264": {
        "center_position": 3232.0,
        "bpb": 1.054330825805664
      },
      "3264-3328": {
        "center_position": 3296.0,
        "bpb": 1.0463814735412598
      },
      "3328-3392": {
        "center_position": 3360.0,
        "bpb": 1.0473763942718506
      },
      "3392-3456": {
        "center_position": 3424.0,
        "bpb": 1.0395058393478394
      },
      "3456-3520": {
        "center_position": 3488.0,
        "bpb": 1.0236926078796387
      },
      "3520-3584": {
        "center_position": 3552.0,
        "bpb": 1.0368611812591553
      },
      "3584-3648": {
        "center_position": 3616.0,
        "bpb": 1.0321828126907349
      },
      "3648-3712": {
        "center_position": 3680.0,
        "bpb": 1.0241179466247559
      },
      "3712-3776": {
        "center_position": 3744.0,
        "bpb": 1.0599803924560547
      },
      "3776-3840": {
        "center_position": 3808.0,
        "bpb": 1.069852352142334
      },
      "3840-3904": {
        "center_position": 3872.0,
        "bpb": 1.065361738204956
      },
      "3904-3968": {
        "center_position": 3936.0,
        "bpb": 1.0370900630950928
      },
      "3968-4032": {
        "center_position": 4000.0,
        "bpb": 1.0697802305221558
      },
      "4032-4096": {
        "center_position": 4064.0,
        "bpb": 1.0403366088867188
      },
      "4096-4160": {
        "center_position": 4128.0,
        "bpb": 1.0488643646240234
      },
      "4160-4224": {
        "center_position": 4192.0,
        "bpb": 1.0437376499176025
      },
      "4224-4288": {
        "center_position": 4256.0,
        "bpb": 1.0372898578643799
      },
      "4288-4352": {
        "center_position": 4320.0,
        "bpb": 1.0452061891555786
      },
      "4352-4416": {
        "center_position": 4384.0,
        "bpb": 1.036707878112793
      },
      "4416-4480": {
        "center_position": 4448.0,
        "bpb": 1.033536672592163
      },
      "4480-4544": {
        "center_position": 4512.0,
        "bpb": 1.026431679725647
      },
      "4544-4608": {
        "center_position": 4576.0,
        "bpb": 1.0384702682495117
      },
      "4608-4672": {
        "center_position": 4640.0,
        "bpb": 1.030160665512085
      },
      "4672-4736": {
        "center_position": 4704.0,
        "bpb": 1.020369052886963
      },
      "4736-4800": {
        "center_position": 4768.0,
        "bpb": 1.0097179412841797
      },
      "4800-4864": {
        "center_position": 4832.0,