{
  "mechanism": "persistent-32",
  "depth": 12,
  "seed": 67,
  "val_bpb": 0.8445793426678846,
  "min_val_bpb": 0.8445793426678846,
  "total_params": 286851566,
  "base_params": 286261730,
  "memory_params": 589836,
  "param_overhead_pct": 0.206,
  "total_time_min": 9.91920329729716,
  "peak_vram_mib": 57929.64404296875,
  "flops_per_step": 400154909736960,
  "total_flops": 1008390372537139200,
  "bpb_by_position": {
    "task": "bpb_by_position",
    "num_buckets": 32,
    "sequence_length": 2048,
    "buckets": {
      "0-64": {
        "center_position": 32.0,
        "bpb": 1.3005576133728027
      },
      "64-128": {
        "center_position": 96.0,
        "bpb": 1.1082184314727783
      },
      "128-192": {
        "center_position": 160.0,
        "bpb": 1.086903691291809
      },
      "192-256": {
        "center_position": 224.0,
        "bpb": 1.0803704261779785
      },
      "256-320": {
        "center_position": 288.0,
        "bpb": 1.0854792594909668
      },
      "320-384": {
        "center_position": 352.0,
        "bpb": 1.058306336402893
      },
      "384-448": {
        "center_position": 416.0,
        "bpb": 1.069509506225586
      },
      "448-512": {
        "center_position": 480.0,
        "bpb": 1.065819501876831
      },
      "512-576": {
        "center_position": 544.0,
        "bpb": 1.0524613857269287
      },
      "576-640": {
        "center_position": 608.0,
        "bpb": 0.9790478944778442
      },
      "640-704": {
        "center_position": 672.0,
        "bpb": 0.8990894556045532
      },
      "704-768": {
        "center_position": 736.0,
        "bpb": 1.0409743785858154
      },
      "768-832": {
        "center_position": 800.0,
        "bpb": 1.0873146057128906
      },
      "832-896": {
        "center_position": 864.0,
        "bpb": 1.0710320472717285
      },
      "896-960": {
        "center_position": 928.0,
        "bpb": 1.0772371292114258
      },
      "960-1024": {
        "center_position": 992.0,
        "bpb": 1.0706697702407837
      },
      "1024-1088": {
        "center_position": 1056.0,
        "bpb": 1.0769745111465454
      },
      "1088-1152": {
        "center_position": 1120.0,
        "bpb": 1.0667363405227661
      },
      "1152-1216": {
        "center_position": 1184.0,
        "bpb": 1.0659406185150146
      },
      "1216-1280": {
        "center_position": 1248.0,
        "bpb": 1.061685562133789
      },
      "1280-1344": {
        "center_position": 1312.0,
        "bpb": 1.0282871723175049
      },
      "1344-1408": {
        "center_position": 1376.0,
        "bpb": 0.9922257661819458
      },
      "1408-1472": {
        "center_position": 1440.0,
        "bpb": 1.0219228267669678
      },
      "1472-1536": {
        "center_position": 1504.0,
        "bpb": 1.0703734159469604
      },
      "1536-1600": {
        "center_position": 1568.0,
        "bpb": 1.094504952430725
      },
      "1600-1664": {
        "center_position": 1632.0,
        "bpb": 1.0932241678237915
      },
      "1664-1728": {
        "center_position": 1696.0,
        "bpb": 1.0913283824920654
      },
      "1728-1792": {
        "center_position": 1760.0,
        "bpb": 1.0807833671569824
      },
      "1792-1856": {
        "center_position": 1824.0,
        "bpb": 1.0676676034927368
      },
      "1856-1920": {
        "center_position": 1888.0,
        "bpb": 1.0585402250289917
      },
      "1920-1984": {
        "center_position": 1952.0,
        "bpb": 1.0374072790145874
      },
      "1984-2048": {
        "center_position": 2016.0,
        "bpb": 0.9328715205192566
      }
    },
    "overall_mean_bpb": 1.0616707801818848
  }
}