{
  "mechanism": "persistent-32",
  "depth": 12,
  "max_seq_len": 8192,
  "window_pattern": "SSSL",
  "seed": 3141,
  "val_bpb": 0.8470375760120384,
  "min_val_bpb": 0.8470375760120384,
  "total_params": 286851566,
  "base_params": 286261730,
  "memory_params": 589836,
  "param_overhead_pct": 0.206,
  "total_time_min": 13.587744168440501,
  "peak_vram_mib": 57920.36669921875,
  "flops_per_step": 556010682974208,
  "total_flops": 1401146921095004160,
  "bpb_by_position": {
    "task": "bpb_by_position",
    "num_buckets": 128,
    "sequence_length": 8192,
    "buckets": {
      "0-64": {
        "center_position": 32.0,
        "bpb": 1.334358811378479
      },
      "64-128": {
        "center_position": 96.0,
        "bpb": 1.1567758321762085
      },
      "128-192": {
        "center_position": 160.0,
        "bpb": 1.1103014945983887
      },
      "192-256": {
        "center_position": 224.0,
        "bpb": 1.079078197479248
      },
      "256-320": {
        "center_position": 288.0,
        "bpb": 1.0987467765808105
      },
      "320-384": {
        "center_position": 352.0,
        "bpb": 1.0974369049072266
      },
      "384-448": {
        "center_position": 416.0,
        "bpb": 1.094214916229248
      },
      "448-512": {
        "center_position": 480.0,
        "bpb": 1.0867174863815308
      },
      "512-576": {
        "center_position": 544.0,
        "bpb": 1.0501384735107422
      },
      "576-640": {
        "center_position": 608.0,
        "bpb": 1.0121914148330688
      },
      "640-704": {
        "center_position": 672.0,
        "bpb": 0.9920042157173157
      },
      "704-768": {
        "center_position": 736.0,
        "bpb": 1.0584014654159546
      },
      "768-832": {
        "center_position": 800.0,
        "bpb": 1.1138525009155273
      },
      "832-896": {
        "center_position": 864.0,
        "bpb": 1.1054093837738037
      },
      "896-960": {
        "center_position": 928.0,
        "bpb": 1.1045308113098145
      },
      "960-1024": {
        "center_position": 992.0,
        "bpb": 1.1027565002441406
      },
      "1024-1088": {
        "center_position": 1056.0,
        "bpb": 1.0964562892913818
      },
      "1088-1152": {
        "center_position": 1120.0,
        "bpb": 1.0798370838165283
      },
      "1152-1216": {
        "center_position": 1184.0,
        "bpb": 1.0718317031860352
      },
      "1216-1280": {
        "center_position": 1248.0,
        "bpb": 1.0366805791854858
      },
      "1280-1344": {
        "center_position": 1312.0,
        "bpb": 1.0246503353118896
      },
      "1344-1408": {
        "center_position": 1376.0,
        "bpb": 1.0182727575302124
      },
      "1408-1472": {
        "center_position": 1440.0,
        "bpb": 1.023097038269043
      },
      "1472-1536": {
        "center_position": 1504.0,
        "bpb": 1.0424201488494873
      },
      "1536-1600": {
        "center_position": 1568.0,
        "bpb": 1.0618422031402588
      },
      "1600-1664": {
        "center_position": 1632.0,
        "bpb": 1.0838470458984375
      },
      "1664-1728": {
        "center_position": 1696.0,
        "bpb": 1.0817445516586304
      },
      "1728-1792": {
        "center_position": 1760.0,
        "bpb": 1.057656168937683
      },
      "1792-1856": {
        "center_position": 1824.0,
        "bpb": 1.0678646564483643
      },
      "1856-1920": {
        "center_position": 1888.0,
        "bpb": 1.0657556056976318
      },
      "1920-1984": {
        "center_position": 1952.0,
        "bpb": 1.055326223373413
      },
      "1984-2048": {
        "center_position": 2016.0,
        "bpb": 1.028508186340332
      },
      "2048-2112": {
        "center_position": 2080.0,
        "bpb": 1.0441343784332275
      },
      "2112-2176": {
        "center_position": 2144.0,
        "bpb": 1.050580620765686
      },
      "2176-2240": {
        "center_position": 2208.0,
        "bpb": 1.0386767387390137
      },
      "2240-2304": {
        "center_position": 2272.0,
        "bpb": 1.083879828453064
      },
      "2304-2368": {
        "center_position": 2336.0,
        "bpb": 1.0964484214782715
      },
      "2368-2432": {
        "center_position": 2400.0,
        "bpb": 1.0532348155975342
      },
      "2432-2496": {
        "center_position": 2464.0,
        "bpb": 1.0736618041992188
      },
      "2496-2560": {
        "center_position": 2528.0,
        "bpb": 1.0734105110168457
      },
      "2560-2624": {
        "center_position": 2592.0,
        "bpb": 1.0801656246185303
      },
      "2624-2688": {
        "center_position": 2656.0,
        "bpb": 1.0460981130599976
      },
      "2688-2752": {
        "center_position": 2720.0,
        "bpb": 1.106210470199585
      },
      "2752-2816": {
        "center_position": 2784.0,
        "bpb": 1.0898704528808594
      },
      "2816-2880": {
        "center_position": 2848.0,
        "bpb": 1.0674294233322144
      },
      "2880-2944": {
        "center_position": 2912.0,
        "bpb": 1.0613586902618408
      },
      "2944-3008": {
        "center_position": 2976.0,
        "bpb": 1.0490221977233887
      },
      "3008-3072": {
        "center_position": 3040.0,
        "bpb": 1.0414049625396729
      },
      "3072-3136": {
        "center_position": 3104.0,
        "bpb": 1.0561509132385254
      },
      "3136-3200": {
        "center_position": 3168.0,
        "bpb": 1.0539398193359375
      },
      "3200-3264": {
        "center_position": 3232.0,
        "bpb": 1.0540387630462646
      },
      "3264-3328": {
        "center_position": 3296.0,
        "bpb": 1.0490901470184326
      },
      "3328-3392": {
        "center_position": 3360.0,
        "bpb": 1.0426790714263916
      },
      "3392-3456": {
        "center_position": 3424.0,
        "bpb": 1.03910493850708
      },
      "3456-3520": {
        "center_position": 3488.0,
        "bpb": 1.026998519897461
      },
      "3520-3584": {
        "center_position": 3552.0,
        "bpb": 1.0340344905853271
      },
      "3584-3648": {
        "center_position": 3616.0,
        "bpb": 1.0313761234283447
      },
      "3648-3712": {
        "center_position": 3680.0,
        "bpb": 1.0215590000152588
      },
      "3712-3776": {
        "center_position": 3744.0,
        "bpb": 1.0599586963653564
      },
      "3776-3840": {
        "center_position": 3808.0,
        "bpb": 1.071739673614502
      },
      "3840-3904": {
        "center_position": 3872.0,
        "bpb": 1.063032865524292
      },
      "3904-3968": {
        "center_position": 3936.0,
        "bpb": 1.038240671157837
      },
      "3968-4032": {
        "center_position": 4000.0,
        "bpb": 1.0709049701690674
      },
      "4032-4096": {
        "center_position": 4064.0,
        "bpb": 1.0392433404922485
      },
      "4096-4160": {
        "center_position": 4128.0,
        "bpb": 1.0494015216827393
      },
      "4160-4224": {
        "center_position": 4192.0,
        "bpb": 1.0412812232971191
      },
      "4224-4288": {
        "center_position": 4256.0,
        "bpb": 1.0319898128509521
      },
      "4288-4352": {
        "center_position": 4320.0,
        "bpb": 1.0434424877166748
      },
      "4352-4416": {
        "center_position": 4384.0,
        "bpb": 1.0330383777618408
      },
      "4416-4480": {
        "center_position": 4448.0,
        "bpb": 1.0326660871505737
      },
      "4480-4544": {
        "center_position": 4512.0,
        "bpb": 1.0323097705841064
      },
      "4544-4608": {
        "center_position": 4576.0,
        "bpb": 1.0360617637634277
      },
      "4608-4672": {
        "center_position": 4640.0,
        "bpb": 1.0316765308380127
      },
      "4672-4736": {
        "center_position": 4704.0,
        "bpb": 1.020167589187622
      },
      "4736-4800": {
        "center_position": 4768.0,
        "bpb": 1.0127662420272827
      },
      "4800-4864": {
        "center_position": 4832.0,