{
  "mechanism": "persistent-32",
  "depth": 12,
  "max_seq_len": 4096,
  "window_pattern": "SSSL",
  "seed": 42,
  "val_bpb": 0.8451855260716081,
  "min_val_bpb": 0.8451855260716081,
  "total_params": 286851566,
  "base_params": 286261730,
  "memory_params": 589836,
  "param_overhead_pct": 0.206,
  "total_time_min": 11.16540568669637,
  "peak_vram_mib": 57918.64013671875,
  "flops_per_step": 452106834149376,
  "total_flops": 1139309222056427520,
  "bpb_by_position": {
    "task": "bpb_by_position",
    "num_buckets": 64,
    "sequence_length": 4096,
    "buckets": {
      "0-64": {
        "center_position": 32.0,
        "bpb": 1.3474011421203613
      },
      "64-128": {
        "center_position": 96.0,
        "bpb": 1.1272985935211182
      },
      "128-192": {
        "center_position": 160.0,
        "bpb": 1.1188119649887085
      },
      "192-256": {
        "center_position": 224.0,
        "bpb": 1.084280014038086
      },
      "256-320": {
        "center_position": 288.0,
        "bpb": 1.0974688529968262
      },
      "320-384": {
        "center_position": 352.0,
        "bpb": 1.0816131830215454
      },
      "384-448": {
        "center_position": 416.0,
        "bpb": 1.0638178586959839
      },
      "448-512": {
        "center_position": 480.0,
        "bpb": 1.0702491998672485
      },
      "512-576": {
        "center_position": 544.0,
        "bpb": 1.041017770767212
      },
      "576-640": {
        "center_position": 608.0,
        "bpb": 0.9991000294685364
      },
      "640-704": {
        "center_position": 672.0,
        "bpb": 0.970790445804596
      },
      "704-768": {
        "center_position": 736.0,
        "bpb": 1.059715986251831
      },
      "768-832": {
        "center_position": 800.0,
        "bpb": 1.099503755569458
      },
      "832-896": {
        "center_position": 864.0,
        "bpb": 1.0977694988250732
      },
      "896-960": {
        "center_position": 928.0,
        "bpb": 1.0725607872009277
      },
      "960-1024": {
        "center_position": 992.0,
        "bpb": 1.0889819860458374
      },
      "1024-1088": {
        "center_position": 1056.0,
        "bpb": 1.0784003734588623
      },
      "1088-1152": {
        "center_position": 1120.0,
        "bpb": 1.0602502822875977
      },
      "1152-1216": {
        "center_position": 1184.0,
        "bpb": 1.0486185550689697
      },
      "1216-1280": {
        "center_position": 1248.0,
        "bpb": 1.0247013568878174
      },
      "1280-1344": {
        "center_position": 1312.0,
        "bpb": 1.0137650966644287
      },
      "1344-1408": {
        "center_position": 1376.0,
        "bpb": 1.0038795471191406
      },
      "1408-1472": {
        "center_position": 1440.0,
        "bpb": 1.0449028015136719
      },
      "1472-1536": {
        "center_position": 1504.0,
        "bpb": 1.0485436916351318
      },
      "1536-1600": {
        "center_position": 1568.0,
        "bpb": 1.071789264678955
      },
      "1600-1664": {
        "center_position": 1632.0,
        "bpb": 1.068277359008789
      },
      "1664-1728": {
        "center_position": 1696.0,
        "bpb": 1.0800899267196655
      },
      "1728-1792": {
        "center_position": 1760.0,
        "bpb": 1.067255973815918
      },
      "1792-1856": {
        "center_position": 1824.0,
        "bpb": 1.066968321800232
      },
      "1856-1920": {
        "center_position": 1888.0,
        "bpb": 1.0558712482452393
      },
      "1920-1984": {
        "center_position": 1952.0,
        "bpb": 1.0460405349731445
      },
      "1984-2048": {
        "center_position": 2016.0,
        "bpb": 1.0363010168075562
      },
      "2048-2112": {
        "center_position": 2080.0,
        "bpb": 1.031008005142212
      },
      "2112-2176": {
        "center_position": 2144.0,
        "bpb": 1.0418891906738281
      },
      "2176-2240": {
        "center_position": 2208.0,
        "bpb": 1.0341463088989258
      },
      "2240-2304": {
        "center_position": 2272.0,
        "bpb": 1.0484623908996582
      },
      "2304-2368": {
        "center_position": 2336.0,
        "bpb": 1.0721173286437988
      },
      "2368-2432": {
        "center_position": 2400.0,
        "bpb": 1.0461468696594238
      },
      "2432-2496": {
        "center_position": 2464.0,
        "bpb": 1.0588793754577637
      },
      "2496-2560": {
        "center_position": 2528.0,
        "bpb": 1.0581828355789185
      },
      "2560-2624": {
        "center_position": 2592.0,
        "bpb": 1.0513694286346436
      },
      "2624-2688": {
        "center_position": 2656.0,
        "bpb": 1.0409934520721436
      },
      "2688-2752": {
        "center_position": 2720.0,
        "bpb": 1.0447018146514893
      },
      "2752-2816": {
        "center_position": 2784.0,
        "bpb": 1.0214828252792358
      },
      "2816-2880": {
        "center_position": 2848.0,
        "bpb": 1.027015209197998
      },
      "2880-2944": {
        "center_position": 2912.0,
        "bpb": 1.0570467710494995
      },
      "2944-3008": {
        "center_position": 2976.0,
        "bpb": 1.0485823154449463
      },
      "3008-3072": {
        "center_position": 3040.0,
        "bpb": 1.041306972503662
      },
      "3072-3136": {
        "center_position": 3104.0,
        "bpb": 1.0490601062774658
      },
      "3136-3200": {
        "center_position": 3168.0,
        "bpb": 1.0596230030059814
      },
      "3200-3264": {
        "center_position": 3232.0,
        "bpb": 1.0541939735412598
      },
      "3264-3328": {
        "center_position": 3296.0,
        "bpb": 1.0567216873168945
      },
      "3328-3392": {
        "center_position": 3360.0,
        "bpb": 1.0452768802642822
      },
      "3392-3456": {
        "center_position": 3424.0,
        "bpb": 1.0453431606292725
      },
      "3456-3520": {
        "center_position": 3488.0,
        "bpb": 1.0344936847686768
      },
      "3520-3584": {
        "center_position": 3552.0,
        "bpb": 1.039226770401001
      },
      "3584-3648": {
        "center_position": 3616.0,
        "bpb": 1.0693137645721436
      },
      "3648-3712": {
        "center_position": 3680.0,
        "bpb": 1.044409155845642
      },
      "3712-3776": {
        "center_position": 3744.0,
        "bpb": 1.06016206741333
      },
      "3776-3840": {
        "center_position": 3808.0,
        "bpb": 1.051797866821289
      },
      "3840-3904": {
        "center_position": 3872.0,
        "bpb": 1.069090485572815
      },
      "3904-3968": {
        "center_position": 3936.0,
        "bpb": 1.0853283405303955
      },
      "3968-4032": {
        "center_position": 4000.0,
        "bpb": 1.1026110649108887
      },
      "4032-4096": {
        "center_position": 4064.0,
        "bpb": 0.9937951564788818
      }
    },
    "overall_mean_bpb": 1.0596846342086792
  },
  "niah": {
    "context_lengths": [
      256,
      512,
      1024,
      2048
    ],
    "positions": [
      0.1,
      0.25,
      0.5,
      0.75,
      0.9
    ],
    "accuracy": {
      "256": {
        "0.1": 1.0,
        "0.25": 1.0,
        "0.5": 1.0,
        "0.75": 1.0,
        "0.9": 1.0
      },
      "512": {
        "0.1": 1.0,
        "0.25": 1.0,
        "0.5": 1.0,
        "0.75": 1.0,
        "0.9": 1.0
      },
      "1024": {
        "0.1": 1.0,
        "0.25": 1.0,
        "0.5": 1.0,
        "0.75": 1.0,
        "0.9": 1.0
      },
      "2048": {
        "0.1": 1.0,
        "0.25": 1.0,
        "0.5": 1.0,
        "0.75": 1.0,
        "0.9": 1.0
      }
    },
    "overall_accuracy": 1.0
  }
}