{
  "mechanism": "persistent-32",
  "depth": 12,
  "seed": 42,
  "val_bpb": 0.8442051622268006,
  "min_val_bpb": 0.8442051622268006,
  "total_params": 286851566,
  "base_params": 286261730,
  "memory_params": 589836,
  "param_overhead_pct": 0.206,
  "total_time_min": 11.33548176685969,
  "peak_vram_mib": 29666.04736328125,
  "flops_per_step": 400154909736960,
  "total_flops": 1008390372537139200,
  "bpb_by_position": {
    "task": "bpb_by_position",
    "num_buckets": 32,
    "sequence_length": 2048,
    "buckets": {
      "0-64": {
        "center_position": 32.0,
        "bpb": 1.3021692037582397
      },
      "64-128": {
        "center_position": 96.0,
        "bpb": 1.1086413860321045
      },
      "128-192": {
        "center_position": 160.0,
        "bpb": 1.0854997634887695
      },
      "192-256": {
        "center_position": 224.0,
        "bpb": 1.080195665359497
      },
      "256-320": {
        "center_position": 288.0,
        "bpb": 1.0846238136291504
      },
      "320-384": {
        "center_position": 352.0,
        "bpb": 1.0585849285125732
      },
      "384-448": {
        "center_position": 416.0,
        "bpb": 1.0693575143814087
      },
      "448-512": {
        "center_position": 480.0,
        "bpb": 1.0655810832977295
      },
      "512-576": {
        "center_position": 544.0,
        "bpb": 1.0515073537826538
      },
      "576-640": {
        "center_position": 608.0,
        "bpb": 0.9799212217330933
      },
      "640-704": {
        "center_position": 672.0,
        "bpb": 0.9002212285995483
      },
      "704-768": {
        "center_position": 736.0,
        "bpb": 1.0405337810516357
      },
      "768-832": {
        "center_position": 800.0,
        "bpb": 1.0873496532440186
      },
      "832-896": {
        "center_position": 864.0,
        "bpb": 1.0707467794418335
      },
      "896-960": {
        "center_position": 928.0,
        "bpb": 1.0783205032348633
      },
      "960-1024": {
        "center_position": 992.0,
        "bpb": 1.0715827941894531
      },
      "1024-1088": {
        "center_position": 1056.0,
        "bpb": 1.076237678527832
      },
      "1088-1152": {
        "center_position": 1120.0,
        "bpb": 1.065612554550171
      },
      "1152-1216": {
        "center_position": 1184.0,
        "bpb": 1.0662040710449219
      },
      "1216-1280": {
        "center_position": 1248.0,
        "bpb": 1.0642991065979004
      },
      "1280-1344": {
        "center_position": 1312.0,
        "bpb": 1.0273078680038452
      },
      "1344-1408": {
        "center_position": 1376.0,
        "bpb": 0.9926013946533203
      },
      "1408-1472": {
        "center_position": 1440.0,
        "bpb": 1.0227750539779663
      },
      "1472-1536": {
        "center_position": 1504.0,
        "bpb": 1.0691814422607422
      },
      "1536-1600": {
        "center_position": 1568.0,
        "bpb": 1.094578504562378
      },
      "1600-1664": {
        "center_position": 1632.0,
        "bpb": 1.0917296409606934
      },
      "1664-1728": {
        "center_position": 1696.0,
        "bpb": 1.0932334661483765
      },
      "1728-1792": {
        "center_position": 1760.0,
        "bpb": 1.0804998874664307
      },
      "1792-1856": {
        "center_position": 1824.0,
        "bpb": 1.068014144897461
      },
      "1856-1920": {
        "center_position": 1888.0,
        "bpb": 1.0583257675170898
      },
      "1920-1984": {
        "center_position": 1952.0,
        "bpb": 1.038491129875183
      },
      "1984-2048": {
        "center_position": 2016.0,
        "bpb": 0.9364126324653625
      }
    },
    "overall_mean_bpb": 1.0618857145309448
  }
}