{
  "mechanism": "persistent-32",
  "depth": 12,
  "max_seq_len": 4096,
  "window_pattern": "SSSL",
  "seed": 3141,
  "val_bpb": 0.845387552760275,
  "min_val_bpb": 0.845387552760275,
  "total_params": 286851566,
  "base_params": 286261730,
  "memory_params": 589836,
  "param_overhead_pct": 0.206,
  "total_time_min": 11.174980088075001,
  "peak_vram_mib": 57918.14013671875,
  "flops_per_step": 452106834149376,
  "total_flops": 1139309222056427520,
  "bpb_by_position": {
    "task": "bpb_by_position",
    "num_buckets": 64,
    "sequence_length": 4096,
    "buckets": {
      "0-64": {
        "center_position": 32.0,
        "bpb": 1.3455703258514404
      },
      "64-128": {
        "center_position": 96.0,
        "bpb": 1.130492925643921
      },
      "128-192": {
        "center_position": 160.0,
        "bpb": 1.119178056716919
      },
      "192-256": {
        "center_position": 224.0,
        "bpb": 1.0850145816802979
      },
      "256-320": {
        "center_position": 288.0,
        "bpb": 1.0940196514129639
      },
      "320-384": {
        "center_position": 352.0,
        "bpb": 1.0772581100463867
      },
      "384-448": {
        "center_position": 416.0,
        "bpb": 1.0634987354278564
      },
      "448-512": {
        "center_position": 480.0,
        "bpb": 1.0699362754821777
      },
      "512-576": {
        "center_position": 544.0,
        "bpb": 1.0440139770507812
      },
      "576-640": {
        "center_position": 608.0,
        "bpb": 1.0012556314468384
      },
      "640-704": {
        "center_position": 672.0,
        "bpb": 0.9702861309051514
      },
      "704-768": {
        "center_position": 736.0,
        "bpb": 1.0589920282363892
      },
      "768-832": {
        "center_position": 800.0,
        "bpb": 1.0989482402801514
      },
      "832-896": {
        "center_position": 864.0,
        "bpb": 1.0977201461791992
      },
      "896-960": {
        "center_position": 928.0,
        "bpb": 1.0732184648513794
      },
      "960-1024": {
        "center_position": 992.0,
        "bpb": 1.087263584136963
      },
      "1024-1088": {
        "center_position": 1056.0,
        "bpb": 1.0777560472488403
      },
      "1088-1152": {
        "center_position": 1120.0,
        "bpb": 1.0604794025421143
      },
      "1152-1216": {
        "center_position": 1184.0,
        "bpb": 1.0487515926361084
      },
      "1216-1280": {
        "center_position": 1248.0,
        "bpb": 1.0266971588134766
      },
      "1280-1344": {
        "center_position": 1312.0,
        "bpb": 1.0145773887634277
      },
      "1344-1408": {
        "center_position": 1376.0,
        "bpb": 1.004945158958435
      },
      "1408-1472": {
        "center_position": 1440.0,
        "bpb": 1.0477644205093384
      },
      "1472-1536": {
        "center_position": 1504.0,
        "bpb": 1.0463871955871582
      },
      "1536-1600": {
        "center_position": 1568.0,
        "bpb": 1.071020245552063
      },
      "1600-1664": {
        "center_position": 1632.0,
        "bpb": 1.0690832138061523
      },
      "1664-1728": {
        "center_position": 1696.0,
        "bpb": 1.0782511234283447
      },
      "1728-1792": {
        "center_position": 1760.0,
        "bpb": 1.0683434009552002
      },
      "1792-1856": {
        "center_position": 1824.0,
        "bpb": 1.0673667192459106
      },
      "1856-1920": {
        "center_position": 1888.0,
        "bpb": 1.0546765327453613
      },
      "1920-1984": {
        "center_position": 1952.0,
        "bpb": 1.0446090698242188
      },
      "1984-2048": {
        "center_position": 2016.0,
        "bpb": 1.0384811162948608
      },
      "2048-2112": {
        "center_position": 2080.0,
        "bpb": 1.029687523841858
      },
      "2112-2176": {
        "center_position": 2144.0,
        "bpb": 1.0410401821136475
      },
      "2176-2240": {
        "center_position": 2208.0,
        "bpb": 1.0331138372421265
      },
      "2240-2304": {
        "center_position": 2272.0,
        "bpb": 1.0481646060943604
      },
      "2304-2368": {
        "center_position": 2336.0,
        "bpb": 1.0699107646942139
      },
      "2368-2432": {
        "center_position": 2400.0,
        "bpb": 1.044704556465149
      },
      "2432-2496": {
        "center_position": 2464.0,
        "bpb": 1.0590705871582031
      },
      "2496-2560": {
        "center_position": 2528.0,
        "bpb": 1.0556648969650269
      },
      "2560-2624": {
        "center_position": 2592.0,
        "bpb": 1.0495436191558838
      },
      "2624-2688": {
        "center_position": 2656.0,
        "bpb": 1.0410068035125732
      },
      "2688-2752": {
        "center_position": 2720.0,
        "bpb": 1.044873833656311
      },
      "2752-2816": {
        "center_position": 2784.0,
        "bpb": 1.0197367668151855
      },
      "2816-2880": {
        "center_position": 2848.0,
        "bpb": 1.0263733863830566
      },
      "2880-2944": {
        "center_position": 2912.0,
        "bpb": 1.0577526092529297
      },
      "2944-3008": {
        "center_position": 2976.0,
        "bpb": 1.0497541427612305
      },
      "3008-3072": {
        "center_position": 3040.0,
        "bpb": 1.0397593975067139
      },
      "3072-3136": {
        "center_position": 3104.0,
        "bpb": 1.0460450649261475
      },
      "3136-3200": {
        "center_position": 3168.0,
        "bpb": 1.0579016208648682
      },
      "3200-3264": {
        "center_position": 3232.0,
        "bpb": 1.0534672737121582
      },
      "3264-3328": {
        "center_position": 3296.0,
        "bpb": 1.0562318563461304
      },
      "3328-3392": {
        "center_position": 3360.0,
        "bpb": 1.0435572862625122
      },
      "3392-3456": {
        "center_position": 3424.0,
        "bpb": 1.0475153923034668
      },
      "3456-3520": {
        "center_position": 3488.0,
        "bpb": 1.0333080291748047
      },
      "3520-3584": {
        "center_position": 3552.0,
        "bpb": 1.0404753684997559
      },
      "3584-3648": {
        "center_position": 3616.0,
        "bpb": 1.068514347076416
      },
      "3648-3712": {
        "center_position": 3680.0,
        "bpb": 1.044089674949646
      },
      "3712-3776": {
        "center_position": 3744.0,
        "bpb": 1.061226487159729
      },
      "3776-3840": {
        "center_position": 3808.0,
        "bpb": 1.0553596019744873
      },
      "3840-3904": {
        "center_position": 3872.0,
        "bpb": 1.0700539350509644
      },
      "3904-3968": {
        "center_position": 3936.0,
        "bpb": 1.087564468383789
      },
      "3968-4032": {
        "center_position": 4000.0,
        "bpb": 1.1025266647338867
      },
      "4032-4096": {
        "center_position": 4064.0,
        "bpb": 0.9948374032974243
      }
    },
    "overall_mean_bpb": 1.0595107078552246
  },
  "niah": {
    "context_lengths": [
      256,
      512,
      1024,
      2048
    ],
    "positions": [
      0.1,
      0.25,
      0.5,
      0.75,
      0.9
    ],
    "accuracy": {
      "256": {
        "0.1": 1.0,
        "0.25": 1.0,
        "0.5": 1.0,
        "0.75": 1.0,
        "0.9": 1.0
      },
      "512": {
        "0.1": 1.0,
        "0.25": 1.0,
        "0.5": 1.0,
        "0.75": 1.0,
        "0.9": 1.0
      },
      "1024": {
        "0.1": 1.0,
        "0.25": 1.0,
        "0.5": 1.0,
        "0.75": 1.0,
        "0.9": 1.0
      },
      "2048": {
        "0.1": 1.0,
        "0.25": 1.0,
        "0.5": 1.0,
        "0.75": 1.0,
        "0.9": 1.0
      }
    },
    "overall_accuracy": 1.0
  }
}