{
  "mechanism": "persistent-32",
  "depth": 12,
  "seed": 1337,
  "val_bpb": 0.8446918882179987,
  "min_val_bpb": 0.8446918882179987,
  "total_params": 286851566,
  "base_params": 286261730,
  "memory_params": 589836,
  "param_overhead_pct": 0.206,
  "total_time_min": 11.339198700586955,
  "peak_vram_mib": 29666.04736328125,
  "flops_per_step": 400154909736960,
  "total_flops": 1008390372537139200,
  "bpb_by_position": {
    "task": "bpb_by_position",
    "num_buckets": 32,
    "sequence_length": 2048,
    "buckets": {
      "0-64": {
        "center_position": 32.0,
        "bpb": 1.3025295734405518
      },
      "64-128": {
        "center_position": 96.0,
        "bpb": 1.1069841384887695
      },
      "128-192": {
        "center_position": 160.0,
        "bpb": 1.0865294933319092
      },
      "192-256": {
        "center_position": 224.0,
        "bpb": 1.0810306072235107
      },
      "256-320": {
        "center_position": 288.0,
        "bpb": 1.0867242813110352
      },
      "320-384": {
        "center_position": 352.0,
        "bpb": 1.0608108043670654
      },
      "384-448": {
        "center_position": 416.0,
        "bpb": 1.0713913440704346
      },
      "448-512": {
        "center_position": 480.0,
        "bpb": 1.066173791885376
      },
      "512-576": {
        "center_position": 544.0,
        "bpb": 1.0530773401260376
      },
      "576-640": {
        "center_position": 608.0,
        "bpb": 0.9798547625541687
      },
      "640-704": {
        "center_position": 672.0,
        "bpb": 0.9003640413284302
      },
      "704-768": {
        "center_position": 736.0,
        "bpb": 1.040198802947998
      },
      "768-832": {
        "center_position": 800.0,
        "bpb": 1.088623046875
      },
      "832-896": {
        "center_position": 864.0,
        "bpb": 1.0720560550689697
      },
      "896-960": {
        "center_position": 928.0,
        "bpb": 1.0788735151290894
      },
      "960-1024": {
        "center_position": 992.0,
        "bpb": 1.0721237659454346
      },
      "1024-1088": {
        "center_position": 1056.0,
        "bpb": 1.0785837173461914
      },
      "1088-1152": {
        "center_position": 1120.0,
        "bpb": 1.0654164552688599
      },
      "1152-1216": {
        "center_position": 1184.0,
        "bpb": 1.065082311630249
      },
      "1216-1280": {
        "center_position": 1248.0,
        "bpb": 1.0615260601043701
      },
      "1280-1344": {
        "center_position": 1312.0,
        "bpb": 1.029162883758545
      },
      "1344-1408": {
        "center_position": 1376.0,
        "bpb": 0.993361234664917
      },
      "1408-1472": {
        "center_position": 1440.0,
        "bpb": 1.021835446357727
      },
      "1472-1536": {
        "center_position": 1504.0,
        "bpb": 1.0702329874038696
      },
      "1536-1600": {
        "center_position": 1568.0,
        "bpb": 1.0948853492736816
      },
      "1600-1664": {
        "center_position": 1632.0,
        "bpb": 1.0949031114578247
      },
      "1664-1728": {
        "center_position": 1696.0,
        "bpb": 1.0916807651519775
      },
      "1728-1792": {
        "center_position": 1760.0,
        "bpb": 1.0814013481140137
      },
      "1792-1856": {
        "center_position": 1824.0,
        "bpb": 1.069137692451477
      },
      "1856-1920": {
        "center_position": 1888.0,
        "bpb": 1.0586756467819214
      },
      "1920-1984": {
        "center_position": 1952.0,
        "bpb": 1.0391900539398193
      },
      "1984-2048": {
        "center_position": 2016.0,
        "bpb": 0.9344629645347595
      }
    },
    "overall_mean_bpb": 1.062402606010437
  }
}