{
  "mechanism": "rmt-m16-s512",
  "depth": 12,
  "seed": 42,
  "val_bpb": 0.8843678956391606,
  "min_val_bpb": 0.8843678956391606,
  "total_params": 286864610,
  "base_params": 286261730,
  "memory_params": 602880,
  "param_overhead_pct": 0.211,
  "total_time_min": 15.73487692674001,
  "peak_vram_mib": 42336.22998046875,
  "flops_per_step": 400195942612992,
  "total_flops": 1008493775384739840,
  "bpb_by_position": {
    "task": "bpb_by_position",
    "num_buckets": 32,
    "sequence_length": 2048,
    "buckets": {
      "0-64": {
        "center_position": 32.0,
        "bpb": 1.7691608667373657
      },
      "64-128": {
        "center_position": 96.0,
        "bpb": 1.2823597192764282
      },
      "128-192": {
        "center_position": 160.0,
        "bpb": 1.2273012399673462
      },
      "192-256": {
        "center_position": 224.0,
        "bpb": 1.21486234664917
      },
      "256-320": {
        "center_position": 288.0,
        "bpb": 1.2247507572174072
      },
      "320-384": {
        "center_position": 352.0,
        "bpb": 1.1914682388305664
      },
      "384-448": {
        "center_position": 416.0,
        "bpb": 1.1930934190750122
      },
      "448-512": {
        "center_position": 480.0,
        "bpb": 1.187803030014038
      },
      "512-576": {
        "center_position": 544.0,
        "bpb": 1.1598739624023438
      },
      "576-640": {
        "center_position": 608.0,
        "bpb": 1.0883002281188965
      },
      "640-704": {
        "center_position": 672.0,
        "bpb": 1.0068862438201904
      },
      "704-768": {
        "center_position": 736.0,
        "bpb": 1.1362709999084473
      },
      "768-832": {
        "center_position": 800.0,
        "bpb": 1.1782827377319336
      },
      "832-896": {
        "center_position": 864.0,
        "bpb": 1.1624161005020142
      },
      "896-960": {
        "center_position": 928.0,
        "bpb": 1.1766389608383179
      },
      "960-1024": {
        "center_position": 992.0,
        "bpb": 1.176390528678894
      },
      "1024-1088": {
        "center_position": 1056.0,
        "bpb": 1.1866986751556396
      },
      "1088-1152": {
        "center_position": 1120.0,
        "bpb": 1.1763229370117188
      },
      "1152-1216": {
        "center_position": 1184.0,
        "bpb": 1.1733113527297974
      },
      "1216-1280": {
        "center_position": 1248.0,
        "bpb": 1.1645894050598145
      },
      "1280-1344": {
        "center_position": 1312.0,
        "bpb": 1.1304429769515991
      },
      "1344-1408": {
        "center_position": 1376.0,
        "bpb": 1.0987269878387451
      },
      "1408-1472": {
        "center_position": 1440.0,
        "bpb": 1.1255481243133545
      },
      "1472-1536": {
        "center_position": 1504.0,
        "bpb": 1.1654608249664307
      },
      "1536-1600": {
        "center_position": 1568.0,
        "bpb": 1.1907625198364258
      },
      "1600-1664": {
        "center_position": 1632.0,
        "bpb": 1.1924231052398682
      },
      "1664-1728": {
        "center_position": 1696.0,
        "bpb": 1.196293592453003
      },
      "1728-1792": {
        "center_position": 1760.0,
        "bpb": 1.189406394958496
      },
      "1792-1856": {
        "center_position": 1824.0,
        "bpb": 1.1791402101516724
      },
      "1856-1920": {
        "center_position": 1888.0,
        "bpb": 1.1681180000305176
      },
      "1920-1984": {
        "center_position": 1952.0,
        "bpb": 1.144502878189087
      },
      "1984-2048": {
        "center_position": 2016.0,
        "bpb": 1.0480531454086304
      }
    },
    "overall_mean_bpb": 1.1845519542694092
  }
}