{
  "mechanism": "rmt-m16-s512",
  "depth": 12,
  "seed": 3141,
  "val_bpb": 0.8884958869039901,
  "min_val_bpb": 0.8884958869039901,
  "total_params": 286864610,
  "base_params": 286261730,
  "memory_params": 602880,
  "param_overhead_pct": 0.211,
  "total_time_min": 15.685048977533976,
  "peak_vram_mib": 42336.22998046875,
  "flops_per_step": 400195942612992,
  "total_flops": 1008493775384739840,
  "bpb_by_position": {
    "task": "bpb_by_position",
    "num_buckets": 32,
    "sequence_length": 2048,
    "buckets": {
      "0-64": {
        "center_position": 32.0,
        "bpb": 1.7543518543243408
      },
      "64-128": {
        "center_position": 96.0,
        "bpb": 1.2556853294372559
      },
      "128-192": {
        "center_position": 160.0,
        "bpb": 1.203566074371338
      },
      "192-256": {
        "center_position": 224.0,
        "bpb": 1.1859698295593262
      },
      "256-320": {
        "center_position": 288.0,
        "bpb": 1.1872127056121826
      },
      "320-384": {
        "center_position": 352.0,
        "bpb": 1.1534137725830078
      },
      "384-448": {
        "center_position": 416.0,
        "bpb": 1.1546263694763184
      },
      "448-512": {
        "center_position": 480.0,
        "bpb": 1.1458810567855835
      },
      "512-576": {
        "center_position": 544.0,
        "bpb": 1.1224061250686646
      },
      "576-640": {
        "center_position": 608.0,
        "bpb": 1.0511281490325928
      },
      "640-704": {
        "center_position": 672.0,
        "bpb": 0.9842502474784851
      },
      "704-768": {
        "center_position": 736.0,
        "bpb": 1.1193656921386719
      },
      "768-832": {
        "center_position": 800.0,
        "bpb": 1.1532163619995117
      },
      "832-896": {
        "center_position": 864.0,
        "bpb": 1.1307902336120605
      },
      "896-960": {
        "center_position": 928.0,
        "bpb": 1.1413781642913818
      },
      "960-1024": {
        "center_position": 992.0,
        "bpb": 1.1340532302856445
      },
      "1024-1088": {
        "center_position": 1056.0,
        "bpb": 1.1376762390136719
      },
      "1088-1152": {
        "center_position": 1120.0,
        "bpb": 1.1229188442230225
      },
      "1152-1216": {
        "center_position": 1184.0,
        "bpb": 1.1216546297073364
      },
      "1216-1280": {
        "center_position": 1248.0,
        "bpb": 1.122365951538086
      },
      "1280-1344": {
        "center_position": 1312.0,
        "bpb": 1.096571445465088
      },
      "1344-1408": {
        "center_position": 1376.0,
        "bpb": 1.0713245868682861
      },
      "1408-1472": {
        "center_position": 1440.0,
        "bpb": 1.0965180397033691
      },
      "1472-1536": {
        "center_position": 1504.0,
        "bpb": 1.1349520683288574
      },
      "1536-1600": {
        "center_position": 1568.0,
        "bpb": 1.1544525623321533
      },
      "1600-1664": {
        "center_position": 1632.0,
        "bpb": 1.1484155654907227
      },
      "1664-1728": {
        "center_position": 1696.0,
        "bpb": 1.1455745697021484
      },
      "1728-1792": {
        "center_position": 1760.0,
        "bpb": 1.1358875036239624
      },
      "1792-1856": {
        "center_position": 1824.0,
        "bpb": 1.1243939399719238
      },
      "1856-1920": {
        "center_position": 1888.0,
        "bpb": 1.118614673614502
      },
      "1920-1984": {
        "center_position": 1952.0,
        "bpb": 1.1020078659057617
      },
      "1984-2048": {
        "center_position": 2016.0,
        "bpb": 1.025619626045227
      }
    },
    "overall_mean_bpb": 1.1480075120925903
  }
}