{
  "mechanism": "rmt-m32-s512",
  "depth": 12,
  "seed": 67,
  "val_bpb": 0.8839460392477955,
  "min_val_bpb": 0.8839460392477955,
  "total_params": 286876898,
  "base_params": 286261730,
  "memory_params": 615168,
  "param_overhead_pct": 0.215,
  "total_time_min": 16.058464884757996,
  "peak_vram_mib": 42336.30029296875,
  "flops_per_step": 400234597318656,
  "total_flops": 1008591185243013120,
  "bpb_by_position": {
    "task": "bpb_by_position",
    "num_buckets": 32,
    "sequence_length": 2048,
    "buckets": {
      "0-64": {
        "center_position": 32.0,
        "bpb": 1.8654084205627441
      },
      "64-128": {
        "center_position": 96.0,
        "bpb": 1.3216924667358398
      },
      "128-192": {
        "center_position": 160.0,
        "bpb": 1.2667433023452759
      },
      "192-256": {
        "center_position": 224.0,
        "bpb": 1.249341368675232
      },
      "256-320": {
        "center_position": 288.0,
        "bpb": 1.2608779668807983
      },
      "320-384": {
        "center_position": 352.0,
        "bpb": 1.228033423423767
      },
      "384-448": {
        "center_position": 416.0,
        "bpb": 1.2295863628387451
      },
      "448-512": {
        "center_position": 480.0,
        "bpb": 1.2317742109298706
      },
      "512-576": {
        "center_position": 544.0,
        "bpb": 1.2123900651931763
      },
      "576-640": {
        "center_position": 608.0,
        "bpb": 1.1429357528686523
      },
      "640-704": {
        "center_position": 672.0,
        "bpb": 1.0604193210601807
      },
      "704-768": {
        "center_position": 736.0,
        "bpb": 1.1932964324951172
      },
      "768-832": {
        "center_position": 800.0,
        "bpb": 1.239968180656433
      },
      "832-896": {
        "center_position": 864.0,
        "bpb": 1.2353287935256958
      },
      "896-960": {
        "center_position": 928.0,
        "bpb": 1.2644524574279785
      },
      "960-1024": {
        "center_position": 992.0,
        "bpb": 1.2708278894424438
      },
      "1024-1088": {
        "center_position": 1056.0,
        "bpb": 1.2861559391021729
      },
      "1088-1152": {
        "center_position": 1120.0,
        "bpb": 1.2783284187316895
      },
      "1152-1216": {
        "center_position": 1184.0,
        "bpb": 1.2720990180969238
      },
      "1216-1280": {
        "center_position": 1248.0,
        "bpb": 1.2537453174591064
      },
      "1280-1344": {
        "center_position": 1312.0,
        "bpb": 1.2076419591903687
      },
      "1344-1408": {
        "center_position": 1376.0,
        "bpb": 1.1743454933166504
      },
      "1408-1472": {
        "center_position": 1440.0,
        "bpb": 1.2078590393066406
      },
      "1472-1536": {
        "center_position": 1504.0,
        "bpb": 1.2552043199539185
      },
      "1536-1600": {
        "center_position": 1568.0,
        "bpb": 1.2851169109344482
      },
      "1600-1664": {
        "center_position": 1632.0,
        "bpb": 1.2963104248046875
      },
      "1664-1728": {
        "center_position": 1696.0,
        "bpb": 1.3049719333648682
      },
      "1728-1792": {
        "center_position": 1760.0,
        "bpb": 1.2995359897613525
      },
      "1792-1856": {
        "center_position": 1824.0,
        "bpb": 1.2835967540740967
      },
      "1856-1920": {
        "center_position": 1888.0,
        "bpb": 1.2670460939407349
      },
      "1920-1984": {
        "center_position": 1952.0,
        "bpb": 1.2330894470214844
      },
      "1984-2048": {
        "center_position": 2016.0,
        "bpb": 1.112424373626709
      }
    },
    "overall_mean_bpb": 1.2590796947479248
  }
}