{
  "mechanism": "rmt-m16-s512",
  "depth": 12,
  "seed": 1337,
  "val_bpb": 0.8841496237151951,
  "min_val_bpb": 0.8841496237151951,
  "total_params": 286864610,
  "base_params": 286261730,
  "memory_params": 602880,
  "param_overhead_pct": 0.211,
  "total_time_min": 15.712002686659496,
  "peak_vram_mib": 42336.22998046875,
  "flops_per_step": 400195942612992,
  "total_flops": 1008493775384739840,
  "bpb_by_position": {
    "task": "bpb_by_position",
    "num_buckets": 32,
    "sequence_length": 2048,
    "buckets": {
      "0-64": {
        "center_position": 32.0,
        "bpb": 1.7014877796173096
      },
      "64-128": {
        "center_position": 96.0,
        "bpb": 1.26100492477417
      },
      "128-192": {
        "center_position": 160.0,
        "bpb": 1.2317140102386475
      },
      "192-256": {
        "center_position": 224.0,
        "bpb": 1.229238510131836
      },
      "256-320": {
        "center_position": 288.0,
        "bpb": 1.2331838607788086
      },
      "320-384": {
        "center_position": 352.0,
        "bpb": 1.199196457862854
      },
      "384-448": {
        "center_position": 416.0,
        "bpb": 1.2042882442474365
      },
      "448-512": {
        "center_position": 480.0,
        "bpb": 1.2020564079284668
      },
      "512-576": {
        "center_position": 544.0,
        "bpb": 1.1834920644760132
      },
      "576-640": {
        "center_position": 608.0,
        "bpb": 1.1232049465179443
      },
      "640-704": {
        "center_position": 672.0,
        "bpb": 1.0920733213424683
      },
      "704-768": {
        "center_position": 736.0,
        "bpb": 1.1629886627197266
      },
      "768-832": {
        "center_position": 800.0,
        "bpb": 1.1698319911956787
      },
      "832-896": {
        "center_position": 864.0,
        "bpb": 1.151207685470581
      },
      "896-960": {
        "center_position": 928.0,
        "bpb": 1.1666655540466309
      },
      "960-1024": {
        "center_position": 992.0,
        "bpb": 1.1670211553573608
      },
      "1024-1088": {
        "center_position": 1056.0,
        "bpb": 1.1756446361541748
      },
      "1088-1152": {
        "center_position": 1120.0,
        "bpb": 1.166213035583496
      },
      "1152-1216": {
        "center_position": 1184.0,
        "bpb": 1.1661925315856934
      },
      "1216-1280": {
        "center_position": 1248.0,
        "bpb": 1.169551134109497
      },
      "1280-1344": {
        "center_position": 1312.0,
        "bpb": 1.147029995918274
      },
      "1344-1408": {
        "center_position": 1376.0,
        "bpb": 1.1315149068832397
      },
      "1408-1472": {
        "center_position": 1440.0,
        "bpb": 1.1463396549224854
      },
      "1472-1536": {
        "center_position": 1504.0,
        "bpb": 1.1731114387512207
      },
      "1536-1600": {
        "center_position": 1568.0,
        "bpb": 1.1803197860717773
      },
      "1600-1664": {
        "center_position": 1632.0,
        "bpb": 1.1785207986831665
      },
      "1664-1728": {
        "center_position": 1696.0,
        "bpb": 1.1812162399291992
      },
      "1728-1792": {
        "center_position": 1760.0,
        "bpb": 1.1765992641448975
      },
      "1792-1856": {
        "center_position": 1824.0,
        "bpb": 1.1710610389709473
      },
      "1856-1920": {
        "center_position": 1888.0,
        "bpb": 1.164908766746521
      },
      "1920-1984": {
        "center_position": 1952.0,
        "bpb": 1.1556302309036255
      },
      "1984-2048": {
        "center_position": 2016.0,
        "bpb": 1.0930200815200806
      }
    },
    "overall_mean_bpb": 1.1892352104187012
  }
}