{
  "persistent": {
    "n_pairs": 4,
    "mean_delta": -0.0017066299977565036,
    "std_delta": 0.0006273468682174354,
    "paired_t_stat": -5.440785900807252,
    "paired_p_value": 0.012190996970065938,
    "cohens_d": -2.7203929504036255,
    "ci_95_lower": -0.0027048788592016187,
    "ci_95_upper": -0.0007083811363113883,
    "seeds": [
      [
        42,
        0.8466604736662928,
        0.8442051622268006,
        -0.0024553114394921804
      ],
      [
        67,
        0.845871372577222,
        0.8445793426678846,
        -0.001292029909337411
      ],
      [
        1337,
        0.8457884933580287,
        0.8446918882179987,
        -0.0010966051400300714
      ],
      [
        3141,
        0.8452894112525768,
        0.8433068377504105,
        -0.0019825735021663515
      ]
    ]
  },
  "rmt": {
    "n_pairs": 4,
    "mean_delta": 0.03933742366300522,
    "std_delta": 0.002593207321691023,
    "paired_t_stat": 30.338818908897263,
    "paired_p_value": 7.866449297871261e-05,
    "cohens_d": 15.169409454448632,
    "ci_95_lower": 0.03521105213312937,
    "ci_95_upper": 0.043463795192881065,
    "seeds": [
      [
        42,
        0.8466604736662928,
        0.8843678956391606,
        0.037707421972867805
      ],
      [
        67,
        0.845871372577222,
        0.8839460392477955,
        0.038074666670573465
      ],
      [
        1337,
        0.8457884933580287,
        0.8841496237151951,
        0.03836113035716637
      ],
      [
        3141,
        0.8452894112525768,
        0.8884958869039901,
        0.04320647565141322
      ]
    ]
  },
  "ttt": {
    "n_pairs": 4,
    "mean_delta": 0.006079339350903767,
    "std_delta": 0.0009316503035095457,
    "paired_t_stat": 13.050689358448707,
    "paired_p_value": 0.0009715524140991824,
    "cohens_d": 6.525344679224353,
    "ci_95_lower": 0.004596875817793309,
    "ci_95_upper": 0.007561802884014226,
    "seeds": [
      [
        42,
        0.8466604736662928,
        0.8527901554402474,
        0.006129681773954565
      ],
      [
        67,
        0.845871372577222,
        0.850696726611143,
        0.004825354033921037
      ],
      [
        1337,
        0.8457884933580287,
        0.8520794457364192,
        0.006290952378390502
      ],
      [
        3141,
        0.8452894112525768,
        0.8523607804699258,
        0.007071369217348966
      ]
    ]
  },
  "deltanet": {
    "n_pairs": 4,
    "mean_delta": 0.0014329595521008487,
    "std_delta": 0.0006301000490255218,
    "paired_t_stat": 4.54835562802125,
    "paired_p_value": 0.01990950006803054,
    "cohens_d": 2.274177814010625,
    "ci_95_lower": 0.00043032976561049635,
    "ci_95_upper": 0.0024355893385912012,
    "seeds": [
      [
        42,
        0.8466604736662928,
        0.8471829857619807,
        0.000522512095687877
      ],
      [
        67,
        0.845871372577222,
        0.847403414177585,
        0.001532041600363021
      ],
      [
        1337,
        0.8457884933580287,
        0.8477348144872427,
        0.0019463211292140015
      ],
      [
        3141,
        0.8452894112525768,
        0.8470203746357153,
        0.0017309633831384952
      ]
    ]
  }
}