{
  "mechanism": "ttt-linear-c64",
  "depth": 12,
  "seed": 67,
  "val_bpb": 0.850696726611143,
  "min_val_bpb": 0.850696726611143,
  "total_params": 286266473,
  "base_params": 286261730,
  "memory_params": 4743,
  "param_overhead_pct": 0.002,
  "total_time_min": 7.09600282907486,
  "peak_vram_mib": 29654.185546875,
  "flops_per_step": 398314366304256,
  "total_flops": 1003752203086725120,
  "bpb_by_position": {
    "task": "bpb_by_position",
    "num_buckets": 32,
    "sequence_length": 2048,
    "buckets": {
      "0-64": {
        "center_position": 32.0,
        "bpb": 1.3083504438400269
      },
      "64-128": {
        "center_position": 96.0,
        "bpb": 1.1169723272323608
      },
      "128-192": {
        "center_position": 160.0,
        "bpb": 1.0938451290130615
      },
      "192-256": {
        "center_position": 224.0,
        "bpb": 1.0881110429763794
      },
      "256-320": {
        "center_position": 288.0,
        "bpb": 1.0946439504623413
      },
      "320-384": {
        "center_position": 352.0,
        "bpb": 1.0656850337982178
      },
      "384-448": {
        "center_position": 416.0,
        "bpb": 1.0783578157424927
      },
      "448-512": {
        "center_position": 480.0,
        "bpb": 1.0730597972869873
      },
      "512-576": {
        "center_position": 544.0,
        "bpb": 1.0607926845550537
      },
      "576-640": {
        "center_position": 608.0,
        "bpb": 0.9881032109260559
      },
      "640-704": {
        "center_position": 672.0,
        "bpb": 0.9091570377349854
      },
      "704-768": {
        "center_position": 736.0,
        "bpb": 1.0487656593322754
      },
      "768-832": {
        "center_position": 800.0,
        "bpb": 1.0953807830810547
      },
      "832-896": {
        "center_position": 864.0,
        "bpb": 1.0776145458221436
      },
      "896-960": {
        "center_position": 928.0,
        "bpb": 1.0864474773406982
      },
      "960-1024": {
        "center_position": 992.0,
        "bpb": 1.0788919925689697
      },
      "1024-1088": {
        "center_position": 1056.0,
        "bpb": 1.084473729133606
      },
      "1088-1152": {
        "center_position": 1120.0,
        "bpb": 1.07303786277771
      },
      "1152-1216": {
        "center_position": 1184.0,
        "bpb": 1.074143886566162
      },
      "1216-1280": {
        "center_position": 1248.0,
        "bpb": 1.0706665515899658
      },
      "1280-1344": {
        "center_position": 1312.0,
        "bpb": 1.0375275611877441
      },
      "1344-1408": {
        "center_position": 1376.0,
        "bpb": 1.0017774105072021
      },
      "1408-1472": {
        "center_position": 1440.0,
        "bpb": 1.0306785106658936
      },
      "1472-1536": {
        "center_position": 1504.0,
        "bpb": 1.0787465572357178
      },
      "1536-1600": {
        "center_position": 1568.0,
        "bpb": 1.1036094427108765
      },
      "1600-1664": {
        "center_position": 1632.0,
        "bpb": 1.1004128456115723
      },
      "1664-1728": {
        "center_position": 1696.0,
        "bpb": 1.0994014739990234
      },
      "1728-1792": {
        "center_position": 1760.0,
        "bpb": 1.0890018939971924
      },
      "1792-1856": {
        "center_position": 1824.0,
        "bpb": 1.0772309303283691
      },
      "1856-1920": {
        "center_position": 1888.0,
        "bpb": 1.0666615962982178
      },
      "1920-1984": {
        "center_position": 1952.0,
        "bpb": 1.0460965633392334
      },
      "1984-2048": {
        "center_position": 2016.0,
        "bpb": 0.9465546607971191
      }
    },
    "overall_mean_bpb": 1.0701313018798828
  }
}