{
  "mechanism": "ttt-linear-c64",
  "depth": 12,
  "seed": 3141,
  "val_bpb": 0.8523607804699258,
  "min_val_bpb": 0.8523607804699258,
  "total_params": 286266473,
  "base_params": 286261730,
  "memory_params": 4743,
  "param_overhead_pct": 0.002,
  "total_time_min": 12.656740387280783,
  "peak_vram_mib": 58992.2431640625,
  "flops_per_step": 398314366304256,
  "total_flops": 1003752203086725120,
  "bpb_by_position": {
    "task": "bpb_by_position",
    "num_buckets": 32,
    "sequence_length": 2048,
    "buckets": {
      "0-64": {
        "center_position": 32.0,
        "bpb": 1.311454176902771
      },
      "64-128": {
        "center_position": 96.0,
        "bpb": 1.1174770593643188
      },
      "128-192": {
        "center_position": 160.0,
        "bpb": 1.0947269201278687
      },
      "192-256": {
        "center_position": 224.0,
        "bpb": 1.090004801750183
      },
      "256-320": {
        "center_position": 288.0,
        "bpb": 1.0943284034729004
      },
      "320-384": {
        "center_position": 352.0,
        "bpb": 1.0687787532806396
      },
      "384-448": {
        "center_position": 416.0,
        "bpb": 1.0800422430038452
      },
      "448-512": {
        "center_position": 480.0,
        "bpb": 1.0757160186767578
      },
      "512-576": {
        "center_position": 544.0,
        "bpb": 1.0632622241973877
      },
      "576-640": {
        "center_position": 608.0,
        "bpb": 0.9908193945884705
      },
      "640-704": {
        "center_position": 672.0,
        "bpb": 0.91018146276474
      },
      "704-768": {
        "center_position": 736.0,
        "bpb": 1.0504082441329956
      },
      "768-832": {
        "center_position": 800.0,
        "bpb": 1.0997347831726074
      },
      "832-896": {
        "center_position": 864.0,
        "bpb": 1.0825586318969727
      },
      "896-960": {
        "center_position": 928.0,
        "bpb": 1.0887534618377686
      },
      "960-1024": {
        "center_position": 992.0,
        "bpb": 1.0801011323928833
      },
      "1024-1088": {
        "center_position": 1056.0,
        "bpb": 1.0867502689361572
      },
      "1088-1152": {
        "center_position": 1120.0,
        "bpb": 1.0764265060424805
      },
      "1152-1216": {
        "center_position": 1184.0,
        "bpb": 1.0751020908355713
      },
      "1216-1280": {
        "center_position": 1248.0,
        "bpb": 1.0729782581329346
      },
      "1280-1344": {
        "center_position": 1312.0,
        "bpb": 1.0400760173797607
      },
      "1344-1408": {
        "center_position": 1376.0,
        "bpb": 1.0033369064331055
      },
      "1408-1472": {
        "center_position": 1440.0,
        "bpb": 1.0325870513916016
      },
      "1472-1536": {
        "center_position": 1504.0,
        "bpb": 1.0797991752624512
      },
      "1536-1600": {
        "center_position": 1568.0,
        "bpb": 1.1056381464004517
      },
      "1600-1664": {
        "center_position": 1632.0,
        "bpb": 1.1026358604431152
      },
      "1664-1728": {
        "center_position": 1696.0,
        "bpb": 1.1009048223495483
      },
      "1728-1792": {
        "center_position": 1760.0,
        "bpb": 1.0902879238128662
      },
      "1792-1856": {
        "center_position": 1824.0,
        "bpb": 1.0793503522872925
      },
      "1856-1920": {
        "center_position": 1888.0,
        "bpb": 1.0678883790969849
      },
      "1920-1984": {
        "center_position": 1952.0,
        "bpb": 1.0479190349578857
      },
      "1984-2048": {
        "center_position": 2016.0,
        "bpb": 0.9472677707672119
      }
    },
    "overall_mean_bpb": 1.0721030235290527
  }
}