{
  "mechanism": "ttt-linear-c64",
  "depth": 12,
  "seed": 42,
  "val_bpb": 0.8527901554402474,
  "min_val_bpb": 0.8527901554402474,
  "total_params": 286266473,
  "base_params": 286261730,
  "memory_params": 4743,
  "param_overhead_pct": 0.002,
  "total_time_min": 12.686794571081798,
  "peak_vram_mib": 58992.2431640625,
  "flops_per_step": 398314366304256,
  "total_flops": 1003752203086725120,
  "bpb_by_position": {
    "task": "bpb_by_position",
    "num_buckets": 32,
    "sequence_length": 2048,
    "buckets": {
      "0-64": {
        "center_position": 32.0,
        "bpb": 1.3111886978149414
      },
      "64-128": {
        "center_position": 96.0,
        "bpb": 1.1167120933532715
      },
      "128-192": {
        "center_position": 160.0,
        "bpb": 1.0945372581481934
      },
      "192-256": {
        "center_position": 224.0,
        "bpb": 1.0895347595214844
      },
      "256-320": {
        "center_position": 288.0,
        "bpb": 1.0961382389068604
      },
      "320-384": {
        "center_position": 352.0,
        "bpb": 1.068882703781128
      },
      "384-448": {
        "center_position": 416.0,
        "bpb": 1.078716516494751
      },
      "448-512": {
        "center_position": 480.0,
        "bpb": 1.0757932662963867
      },
      "512-576": {
        "center_position": 544.0,
        "bpb": 1.06296706199646
      },
      "576-640": {
        "center_position": 608.0,
        "bpb": 0.9904770851135254
      },
      "640-704": {
        "center_position": 672.0,
        "bpb": 0.9120714664459229
      },
      "704-768": {
        "center_position": 736.0,
        "bpb": 1.0523494482040405
      },
      "768-832": {
        "center_position": 800.0,
        "bpb": 1.1001968383789062
      },
      "832-896": {
        "center_position": 864.0,
        "bpb": 1.0833253860473633
      },
      "896-960": {
        "center_position": 928.0,
        "bpb": 1.0894044637680054
      },
      "960-1024": {
        "center_position": 992.0,
        "bpb": 1.080840826034546
      },
      "1024-1088": {
        "center_position": 1056.0,
        "bpb": 1.0872730016708374
      },
      "1088-1152": {
        "center_position": 1120.0,
        "bpb": 1.0755680799484253
      },
      "1152-1216": {
        "center_position": 1184.0,
        "bpb": 1.0772182941436768
      },
      "1216-1280": {
        "center_position": 1248.0,
        "bpb": 1.0745892524719238
      },
      "1280-1344": {
        "center_position": 1312.0,
        "bpb": 1.0403015613555908
      },
      "1344-1408": {
        "center_position": 1376.0,
        "bpb": 1.004465103149414
      },
      "1408-1472": {
        "center_position": 1440.0,
        "bpb": 1.0350732803344727
      },
      "1472-1536": {
        "center_position": 1504.0,
        "bpb": 1.0805425643920898
      },
      "1536-1600": {
        "center_position": 1568.0,
        "bpb": 1.1065666675567627
      },
      "1600-1664": {
        "center_position": 1632.0,
        "bpb": 1.1035244464874268
      },
      "1664-1728": {
        "center_position": 1696.0,
        "bpb": 1.1018314361572266
      },
      "1728-1792": {
        "center_position": 1760.0,
        "bpb": 1.0909702777862549
      },
      "1792-1856": {
        "center_position": 1824.0,
        "bpb": 1.0779130458831787
      },
      "1856-1920": {
        "center_position": 1888.0,
        "bpb": 1.0691606998443604
      },
      "1920-1984": {
        "center_position": 1952.0,
        "bpb": 1.0480362176895142
      },
      "1984-2048": {
        "center_position": 2016.0,
        "bpb": 0.9492607116699219
      }
    },
    "overall_mean_bpb": 1.0726697444915771
  }
}