{
  "mechanism": "ttt-linear-c64",
  "depth": 12,
  "seed": 1337,
  "val_bpb": 0.8520794457364192,
  "min_val_bpb": 0.8520794457364192,
  "total_params": 286266473,
  "base_params": 286261730,
  "memory_params": 4743,
  "param_overhead_pct": 0.002,
  "total_time_min": 12.6533691684405,
  "peak_vram_mib": 58992.2431640625,
  "flops_per_step": 398314366304256,
  "total_flops": 1003752203086725120,
  "bpb_by_position": {
    "task": "bpb_by_position",
    "num_buckets": 32,
    "sequence_length": 2048,
    "buckets": {
      "0-64": {
        "center_position": 32.0,
        "bpb": 1.310593605041504
      },
      "64-128": {
        "center_position": 96.0,
        "bpb": 1.1159448623657227
      },
      "128-192": {
        "center_position": 160.0,
        "bpb": 1.0941689014434814
      },
      "192-256": {
        "center_position": 224.0,
        "bpb": 1.0895705223083496
      },
      "256-320": {
        "center_position": 288.0,
        "bpb": 1.0959603786468506
      },
      "320-384": {
        "center_position": 352.0,
        "bpb": 1.0690534114837646
      },
      "384-448": {
        "center_position": 416.0,
        "bpb": 1.077301263809204
      },
      "448-512": {
        "center_position": 480.0,
        "bpb": 1.0746883153915405
      },
      "512-576": {
        "center_position": 544.0,
        "bpb": 1.0614956617355347
      },
      "576-640": {
        "center_position": 608.0,
        "bpb": 0.9902481436729431
      },
      "640-704": {
        "center_position": 672.0,
        "bpb": 0.9105789661407471
      },
      "704-768": {
        "center_position": 736.0,
        "bpb": 1.0523505210876465
      },
      "768-832": {
        "center_position": 800.0,
        "bpb": 1.097872018814087
      },
      "832-896": {
        "center_position": 864.0,
        "bpb": 1.0807101726531982
      },
      "896-960": {
        "center_position": 928.0,
        "bpb": 1.0889415740966797
      },
      "960-1024": {
        "center_position": 992.0,
        "bpb": 1.0805107355117798
      },
      "1024-1088": {
        "center_position": 1056.0,
        "bpb": 1.0870013236999512
      },
      "1088-1152": {
        "center_position": 1120.0,
        "bpb": 1.0739586353302002
      },
      "1152-1216": {
        "center_position": 1184.0,
        "bpb": 1.0736596584320068
      },
      "1216-1280": {
        "center_position": 1248.0,
        "bpb": 1.0731406211853027
      },
      "1280-1344": {
        "center_position": 1312.0,
        "bpb": 1.0396276712417603
      },
      "1344-1408": {
        "center_position": 1376.0,
        "bpb": 1.0052742958068848
      },
      "1408-1472": {
        "center_position": 1440.0,
        "bpb": 1.0320725440979004
      },
      "1472-1536": {
        "center_position": 1504.0,
        "bpb": 1.0799367427825928
      },
      "1536-1600": {
        "center_position": 1568.0,
        "bpb": 1.1045507192611694
      },
      "1600-1664": {
        "center_position": 1632.0,
        "bpb": 1.102665901184082
      },
      "1664-1728": {
        "center_position": 1696.0,
        "bpb": 1.1002744436264038
      },
      "1728-1792": {
        "center_position": 1760.0,
        "bpb": 1.091102123260498
      },
      "1792-1856": {
        "center_position": 1824.0,
        "bpb": 1.0787127017974854
      },
      "1856-1920": {
        "center_position": 1888.0,
        "bpb": 1.0683553218841553
      },
      "1920-1984": {
        "center_position": 1952.0,
        "bpb": 1.0488327741622925
      },
      "1984-2048": {
        "center_position": 2016.0,
        "bpb": 0.9495732188224792
      }
    },
    "overall_mean_bpb": 1.0718352794647217
  }
}